id,organization_name,seed_url,domain,crawl_priority,verified,render_mode,politeness_delay_s,max_depth,notes
1,Royal Government of Cambodia (National Portal),https://cambodia.gov.kh,cambodia.gov.kh,1,search,static,2,4,Legacy national e-Gov portal; blocked automated fetch during discovery - confirm liveness.
2,Office of the Council of Ministers - Press and Quick Reaction Unit,https://pressocm.gov.kh,pressocm.gov.kh,1,directory,static,2,4,"Primary publisher of RGC decisions, sub-decrees and press releases. High-value RAG source."
3,Office of the Council of Ministers,https://ocm.gov.kh,ocm.gov.kh,1,unconfirmed,static,2,4,Candidate domain - verify whether OCM publishes separately from pressocm.gov.kh.
4,The King of the Kingdom of Cambodia,https://norodomsihamoni.org,norodomsihamoni.org,3,directory,static,2,4,"Royal household site, not .gov.kh. Listed in official GDT directory."
5,National Assembly of the Kingdom of Cambodia,https://national-assembly.org.kh,national-assembly.org.kh,1,directory,static,2,4,"Note: .org.kh, not .gov.kh. Source of adopted laws - critical RAG source."
6,Senate of the Kingdom of Cambodia,https://senate.gov.kh,senate.gov.kh,1,directory,static,2,4,
7,Constitutional Council of Cambodia,https://ccc.gov.kh,ccc.gov.kh,1,directory,static,2,4,
8,Supreme Court of Cambodia,https://supremecourt.gov.kh,supremecourt.gov.kh,1,directory,static,2,4,Also cited as a publisher of Cambodian law in Khmer.
9,Extraordinary Chambers in the Courts of Cambodia,https://eccc.gov.kh,eccc.gov.kh,2,directory,static,2,4,UN-assisted tribunal; large document archive.
10,Supreme Council of Magistracy,https://scm.gov.kh,scm.gov.kh,2,unconfirmed,static,2,4,Candidate domain - verify.
11,Appeal Court of Cambodia,https://appealcourt.gov.kh,appealcourt.gov.kh,3,unconfirmed,static,2,4,Candidate domain - verify.
12,National Election Committee,https://nec.gov.kh,nec.gov.kh,1,directory,static,2,4,
13,Anti-Corruption Unit,https://acu.gov.kh,acu.gov.kh,2,unconfirmed,static,2,4,Candidate domain - verify.
14,National Audit Authority,https://naa.gov.kh,naa.gov.kh,2,unconfirmed,static,2,4,Candidate domain - verify.
15,Ministry of Interior,https://interior.gov.kh,interior.gov.kh,1,directory,static,2,4,"Civil registration, ID, national police, sub-national administration. Top RAG priority."
16,Ministry of National Defence,https://mod.gov.kh,mod.gov.kh,2,directory,static,2,4,Note: mod.gov.kh in GDT directory; mond.gov.kh appears in legacy sources.
17,Ministry of Foreign Affairs and International Cooperation,https://mfaic.gov.kh,mfaic.gov.kh,1,directory,static,2,4,
18,Ministry of Economy and Finance,https://mef.gov.kh,mef.gov.kh,1,directory,static,2,4,
19,"Ministry of Agriculture, Forestry and Fisheries",https://maff.gov.kh,maff.gov.kh,1,directory,static,2,4,GDT directory points to web.maff.gov.kh - resolve canonical host during crawl.
20,Ministry of Rural Development,https://mrd.gov.kh,mrd.gov.kh,2,directory,static,2,4,
21,Ministry of Commerce,https://moc.gov.kh,moc.gov.kh,1,directory,static,2,4,
22,Ministry of Mines and Energy,https://mme.gov.kh,mme.gov.kh,2,directory,static,2,4,"Formerly Ministry of Industry, Mines and Energy (mime.gov.kh) before the split."
23,"Ministry of Industry, Science, Technology and Innovation",https://misti.gov.kh,misti.gov.kh,1,wikipedia,static,2,4,"HQ: 45 Preah Norodom Blvd, Phnom Penh 120203."
24,Ministry of Planning,https://mop.gov.kh,mop.gov.kh,1,directory,static,2,4,Parent of the National Institute of Statistics.
25,"Ministry of Education, Youth and Sport",https://moeys.gov.kh,moeys.gov.kh,1,directory,static,2,4,
26,"Ministry of Social Affairs, Veterans and Youth Rehabilitation",https://mosvy.gov.kh,mosvy.gov.kh,1,directory,static,2,4,Social protection / IDPoor - high citizen-query volume.
27,"Ministry of Land Management, Urban Planning and Construction",https://mlmupc.gov.kh,mlmupc.gov.kh,1,directory,static,2,4,"Land titles, construction permits - high citizen-query volume."
28,Ministry of Environment,https://moe.gov.kh,moe.gov.kh,2,directory,static,2,4,
29,Ministry of Water Resources and Meteorology,https://mowram.gov.kh,mowram.gov.kh,2,directory,static,2,4,Weather/flood warnings - candidate for a live API feed rather than static crawl.
30,Ministry of Information,https://information.gov.kh,information.gov.kh,1,directory,static,2,4,HQ: 62 Monivong Blvd. Establishing official sites for all 25 provincial information departments.
31,Ministry of Justice,https://moj.gov.kh,moj.gov.kh,1,directory,static,2,4,"Divorce, court procedure, criminal records - named as a priority source for AskGov."
32,Ministry of Post and Telecommunications,https://mptc.gov.kh,mptc.gov.kh,1,directory,static,2,4,"HQ: 13 Monivong Blvd, Phnom Penh 12201."
33,Ministry of Health,https://moh.gov.kh,moh.gov.kh,1,directory,static,2,4,HQ: 80 Samdech Penn Nouth St. (289). Hosts provincial health department directory.
34,Ministry of Public Works and Transport,https://mpwt.gov.kh,mpwt.gov.kh,1,directory,static,2,4,"Driving licences, vehicle registration - high citizen-query volume."
35,Ministry of Culture and Fine Arts,https://mcfa.gov.kh,mcfa.gov.kh,2,directory,static,2,4,
36,Ministry of Tourism,https://tourism.gov.kh,tourism.gov.kh,2,wikipedia,static,2,4,GDT directory links to cambodiatourismindustry.org instead - resolve which is canonical.
37,Ministry of Labour and Vocational Training,https://mlvt.gov.kh,mlvt.gov.kh,1,search,static,2,4,Legacy domain mlv.gov.kh also observed - resolve canonical.
38,Ministry of Civil Service,https://mcs.gov.kh,mcs.gov.kh,2,directory,static,2,4,
39,Ministry of Cults and Religion,https://mcr.gov.kh,mcr.gov.kh,3,unconfirmed,static,2,4,Candidate domain - verify.
40,Ministry of Women's Affairs,https://mowa.gov.kh,mowa.gov.kh,2,unconfirmed,static,2,4,Candidate domain - verify.
41,"Ministry of Relations with the National Assembly, Senate and Inspection",https://mnasri.gov.kh,mnasri.gov.kh,3,unconfirmed,static,2,4,Legacy domain mnasrl.gov.kh observed in 2017 sources - resolve canonical.
42,General Department of Taxation,https://tax.gov.kh,tax.gov.kh,1,directory,static,2,4,Hotline 1277. Publishes Law/Sub-Decree/Prakas/Circular/Decision/Instruction/Notice corpora - excellent structured RAG source.
43,General Department of Customs and Excise,https://customs.gov.kh,customs.gov.kh,1,directory,static,2,4,"Also runs apps.customs.gov.kh (Document Tracking System, JS-rendered)."
44,General Department of National Treasury,https://treasury.gov.kh,treasury.gov.kh,2,directory,static,2,4,
45,General Department of Public Procurement,https://gdpp.gov.kh,gdpp.gov.kh,2,unconfirmed,static,2,4,Candidate domain - procurement notices are a strong RAG source if live.
46,"Consumer Protection, Competition and Fraud Repression Directorate-General",https://ccfdg.gov.kh,ccfdg.gov.kh,2,directory,static,2,4,
47,General Directorate of Trade Promotion,https://gdtp.gov.kh,gdtp.gov.kh,3,directory,static,2,4,
48,Department of Legal Affairs - Secured Transaction Filing Office,https://setfo.gov.kh,setfo.gov.kh,3,directory,static,2,4,
49,Department of Intellectual Property Rights,https://www.cambodiaip.gov.kh,www.cambodiaip.gov.kh,2,search,static,2,4,"Canonical public site for the D/IPR (trademark, patent, industrial design, geographical indication, copyright). Content structured as /en/<topic>/ and /km/<topic>/ - clean bilingual parallel corpus. Sub-units: Dept. of Industrial Property, Dept. of Copyright and Related Rights. Handles WIPO/ASPEC cooperation."
50,Cambodia Digital IP (Trademark e-Service),https://digitalip.cambodiaip.gov.kh,digitalip.cambodiaip.gov.kh,2,search,headless,2,4,"Online trademark/IP filing and search service. Nuxt.js single-page app (/_nuxt/ assets, empty meta-description, title renders only as 'MOC') - REQUIRES HEADLESS RENDERING; a static fetch returns an empty shell. Serves en_gb with km alternate. Check for a JSON backend before crawling HTML."
51,Department of Intellectual Property Rights (legacy portal),https://dip.cambodiaip.gov.kh,dip.cambodiaip.gov.kh,3,search,static,2,4,"Legacy ASP.NET site (TemplateTwo.aspx?parentId=..&menuid=..). Query-string navigation produces near-duplicate URLs - use canonical tags or URL-param normalisation to avoid polluting the vector store. Likely superseded by www.cambodiaip.gov.kh; confirm before ingesting, and prefer the canonical host on conflict."
52,General Department of Immigration,https://immigration.gov.kh,immigration.gov.kh,1,unconfirmed,static,2,4,Candidate domain - visa/residency queries are high volume.
53,General Department of Identification,https://gdi.gov.kh,gdi.gov.kh,1,unconfirmed,static,2,4,Candidate domain - national ID card procedures.
54,Cambodian National Police,https://police.gov.kh,police.gov.kh,1,unconfirmed,static,2,4,Candidate domain - 'where is my police station' is a named AskGov query type.
55,Council for the Development of Cambodia,https://cdc.gov.kh,cdc.gov.kh,1,directory,static,2,4,Publishes laws and regulations at /laws-and-regulations. Also operates cambodiainvestment.gov.kh.
56,Cambodia Investment Board Portal,https://cambodiainvestment.gov.kh,cambodiainvestment.gov.kh,2,directory,static,2,4,Listed in GDT directory as the CDC site - dedupe against cdc.gov.kh after crawl.
57,Supreme National Economic Council,https://snec.gov.kh,snec.gov.kh,2,unconfirmed,static,2,4,GDT directory mislabels cdc.gov.kh as SNEC - verify SNEC's own domain.
58,National Bank of Cambodia,https://nbc.gov.kh,nbc.gov.kh,1,directory,static,2,4,GDT directory lists nbc.org.kh; nbc.gov.kh also observed. Resolve canonical during crawl.
59,Securities and Exchange Regulator of Cambodia,https://secc.gov.kh,secc.gov.kh,2,unconfirmed,static,2,4,Candidate domain - verify (serc.gov.kh also possible after 2021 rename).
60,Insurance Regulator of Cambodia,https://irc.gov.kh,irc.gov.kh,3,unconfirmed,static,2,4,Candidate domain - verify.
61,Telecommunication Regulator of Cambodia,https://trc.gov.kh,trc.gov.kh,2,unconfirmed,static,2,4,Candidate domain - verify.
62,Electricity Authority of Cambodia,https://eac.gov.kh,eac.gov.kh,2,directory,static,2,4,
63,National Social Security Fund,https://nssf.gov.kh,nssf.gov.kh,1,unconfirmed,static,2,4,Candidate domain - very high citizen-query volume (health/pension benefits).
64,National Committee for Sub-National Democratic Development,https://ncdd.gov.kh,ncdd.gov.kh,1,search,static,2,4,Publishes Provincial Data Books - excellent structured sub-national reference data.
65,Digital Economy and Business Committee,https://digitaleconomy.gov.kh,digitaleconomy.gov.kh,1,search,static,2,4,"Hub describing CamDX, CamDigiKey, CamDL, CamDigiPay, Bakong, business.gov.kh."
66,Digital Government Committee,https://dgc.gov.kh,dgc.gov.kh,1,unconfirmed,static,2,4,Candidate domain - verify against internal DGC records.
67,National Institute of Statistics,https://nis.gov.kh,nis.gov.kh,1,directory,static,2,4,Hosts census PDFs (e.g. /nis/Census2019/). Prime structured-data + PDF ingestion target.
68,Royal Academy of Cambodia,https://rac.gov.kh,rac.gov.kh,2,unconfirmed,static,2,4,Candidate domain - verify.
69,APSARA National Authority,https://apsaraauthority.gov.kh,apsaraauthority.gov.kh,2,directory,static,2,4,"HQ: Bang Korng Village, Ampil Commune, Prasat Bakong District, Siem Reap."
70,National Authority for Preah Vihear,https://napv.gov.kh,napv.gov.kh,3,directory,static,2,4,
71,Cambodian Mine Action and Victim Assistance Authority,https://cmaa.gov.kh,cmaa.gov.kh,2,directory,static,2,4,
72,National Authority for Combating Drugs,https://nacd.gov.kh,nacd.gov.kh,3,directory,static,2,4,
73,State Secretariat of Civil Aviation,https://ssca.gov.kh,ssca.gov.kh,2,unconfirmed,static,2,4,Candidate domain - verify.
74,Sihanoukville Autonomous Port,https://pas.gov.kh,pas.gov.kh,3,unconfirmed,static,2,4,Candidate domain - verify.
75,Agence Kampuchea Presse,https://akp.gov.kh,akp.gov.kh,1,search,static,2,4,Official news wire (article URLs of form /post/detail/<id>). Best single feed for keeping AskGov current.
76,Cambodia Data Exchange,https://camdx.gov.kh,camdx.gov.kh,1,search,static,2,4,National API/data-exchange layer. Membership portal at registration.camdx.gov.kh. Likely source of live APIs for AskGov.
77,CamDigiKey,https://camdigikey.gov.kh,camdigikey.gov.kh,1,search,static,2,4,"National SSO / eKYC. Open KYC APIs; OAuth 2.0 for web, Deeplink for mobile."
78,Online Business Registration / Registration Services,https://registrationservices.gov.kh,registrationservices.gov.kh,1,search,static,2,4,"Single window across MOC, GDT and MLVT via CamDX."
79,Business Information Portal,https://business.gov.kh,business.gov.kh,2,search,static,2,4,Central zero-cost information hub for local and foreign businesses.
80,Cambodia e-Visa,https://evisa.gov.kh,evisa.gov.kh,2,search,static,2,4,
81,Criminal Record Requesting System,https://cr.moj.gov.kh,cr.moj.gov.kh,2,search,static,2,4,Subdomain of moj.gov.kh.
82,GDT e-Tax Portal (Online Web Portal),https://owp.tax.gov.kh,owp.tax.gov.kh,2,directory,static,2,4,"e-Payment, e-Filing, incentives, DTA management. Login-walled - metadata only."
83,Customs Document Tracking System,https://apps.customs.gov.kh,apps.customs.gov.kh,3,search,headless,2,4,JavaScript SPA - requires headless rendering to crawl.
84,Cambodia National Single Window,https://cnsw.gov.kh,cnsw.gov.kh,3,unconfirmed,static,2,4,Candidate domain - verify.
85,Cambodia Open Data Portal,https://data.gov.kh,data.gov.kh,1,unconfirmed,static,2,4,"Candidate domain - if live, this is the single highest-value structured source for AskGov."
86,Government Service Portal,https://go.gov.kh,go.gov.kh,1,search,static,2,4,Named in AskGov project notes as an intended data source.
87,Sarika,https://sarika.gov.kh,sarika.gov.kh,2,unconfirmed,static,2,4,Khmer speech AI platform (DGC). Confirm public domain internally.
88,Verify,https://verify.gov.kh,verify.gov.kh,2,unconfirmed,static,2,4,DGC credential verification platform. Confirm public domain internally.
89,Phnom Penh Capital Administration,https://phnompenh.gov.kh,phnompenh.gov.kh,2,directory,static,2,4,Domain follows the confirmed <province>.gov.kh convention. Ministry of Information is separately standing up official sites for all 25 provincial information departments - re-run discovery after that rollout.
90,Banteay Meanchey Provincial Administration,https://banteaymeanchey.gov.kh,banteaymeanchey.gov.kh,2,unconfirmed,static,2,4,Domain follows the confirmed <province>.gov.kh convention. Ministry of Information is separately standing up official sites for all 25 provincial information departments - re-run discovery after that rollout.
91,Battambang Provincial Administration,https://battambang.gov.kh,battambang.gov.kh,2,wikipedia,static,2,4,Domain follows the confirmed <province>.gov.kh convention. Ministry of Information is separately standing up official sites for all 25 provincial information departments - re-run discovery after that rollout.
92,Kampong Cham Provincial Administration,https://kampongcham.gov.kh,kampongcham.gov.kh,2,unconfirmed,static,2,4,Domain follows the confirmed <province>.gov.kh convention. Ministry of Information is separately standing up official sites for all 25 provincial information departments - re-run discovery after that rollout.
93,Kampong Chhnang Provincial Administration,https://kampongchhnang.gov.kh,kampongchhnang.gov.kh,2,unconfirmed,static,2,4,Domain follows the confirmed <province>.gov.kh convention. Ministry of Information is separately standing up official sites for all 25 provincial information departments - re-run discovery after that rollout.
94,Kampong Speu Provincial Administration,https://kampongspeu.gov.kh,kampongspeu.gov.kh,2,unconfirmed,static,2,4,Domain follows the confirmed <province>.gov.kh convention. Ministry of Information is separately standing up official sites for all 25 provincial information departments - re-run discovery after that rollout.
95,Kampong Thom Provincial Administration,https://kampongthom.gov.kh,kampongthom.gov.kh,2,wikipedia,static,2,4,Domain follows the confirmed <province>.gov.kh convention. Ministry of Information is separately standing up official sites for all 25 provincial information departments - re-run discovery after that rollout.
96,Kampot Provincial Administration,https://kampot.gov.kh,kampot.gov.kh,2,wikipedia,static,2,4,Domain follows the confirmed <province>.gov.kh convention. Ministry of Information is separately standing up official sites for all 25 provincial information departments - re-run discovery after that rollout.
97,Kandal Provincial Administration,https://kandal.gov.kh,kandal.gov.kh,2,unconfirmed,static,2,4,Domain follows the confirmed <province>.gov.kh convention. Ministry of Information is separately standing up official sites for all 25 provincial information departments - re-run discovery after that rollout.
98,Koh Kong Provincial Administration,https://kohkong.gov.kh,kohkong.gov.kh,2,wikipedia,static,2,4,Domain follows the confirmed <province>.gov.kh convention. Ministry of Information is separately standing up official sites for all 25 provincial information departments - re-run discovery after that rollout.
99,Kratie Provincial Administration,https://kratie.gov.kh,kratie.gov.kh,2,wikipedia,static,2,4,Domain follows the confirmed <province>.gov.kh convention. Ministry of Information is separately standing up official sites for all 25 provincial information departments - re-run discovery after that rollout.
100,Mondulkiri Provincial Administration,https://mondulkiri.gov.kh,mondulkiri.gov.kh,2,unconfirmed,static,2,4,Domain follows the confirmed <province>.gov.kh convention. Ministry of Information is separately standing up official sites for all 25 provincial information departments - re-run discovery after that rollout.
101,Preah Vihear Provincial Administration,https://preahvihear.gov.kh,preahvihear.gov.kh,2,unconfirmed,static,2,4,Domain follows the confirmed <province>.gov.kh convention. Ministry of Information is separately standing up official sites for all 25 provincial information departments - re-run discovery after that rollout.
102,Prey Veng Provincial Administration,https://preyveng.gov.kh,preyveng.gov.kh,2,unconfirmed,static,2,4,Domain follows the confirmed <province>.gov.kh convention. Ministry of Information is separately standing up official sites for all 25 provincial information departments - re-run discovery after that rollout.
103,Pursat Provincial Administration,https://pursat.gov.kh,pursat.gov.kh,2,unconfirmed,static,2,4,Domain follows the confirmed <province>.gov.kh convention. Ministry of Information is separately standing up official sites for all 25 provincial information departments - re-run discovery after that rollout.
104,Ratanakiri Provincial Administration,https://ratanakiri.gov.kh,ratanakiri.gov.kh,2,unconfirmed,static,2,4,Domain follows the confirmed <province>.gov.kh convention. Ministry of Information is separately standing up official sites for all 25 provincial information departments - re-run discovery after that rollout.
105,Siem Reap Provincial Administration,https://siemreap.gov.kh,siemreap.gov.kh,2,unconfirmed,static,2,4,Domain follows the confirmed <province>.gov.kh convention. Ministry of Information is separately standing up official sites for all 25 provincial information departments - re-run discovery after that rollout.
106,Preah Sihanouk Provincial Administration,https://sihanoukville.gov.kh,sihanoukville.gov.kh,2,wikipedia,static,2,4,Domain follows the confirmed <province>.gov.kh convention. Ministry of Information is separately standing up official sites for all 25 provincial information departments - re-run discovery after that rollout.
107,Stung Treng Provincial Administration,https://stungtreng.gov.kh,stungtreng.gov.kh,2,unconfirmed,static,2,4,Domain follows the confirmed <province>.gov.kh convention. Ministry of Information is separately standing up official sites for all 25 provincial information departments - re-run discovery after that rollout.
108,Svay Rieng Provincial Administration,https://svayrieng.gov.kh,svayrieng.gov.kh,2,unconfirmed,static,2,4,Domain follows the confirmed <province>.gov.kh convention. Ministry of Information is separately standing up official sites for all 25 provincial information departments - re-run discovery after that rollout.
109,Takeo Provincial Administration,https://takeo.gov.kh,takeo.gov.kh,2,unconfirmed,static,2,4,Domain follows the confirmed <province>.gov.kh convention. Ministry of Information is separately standing up official sites for all 25 provincial information departments - re-run discovery after that rollout.
110,Oddar Meanchey Provincial Administration,https://oddarmeanchey.gov.kh,oddarmeanchey.gov.kh,2,unconfirmed,static,2,4,Domain follows the confirmed <province>.gov.kh convention. Ministry of Information is separately standing up official sites for all 25 provincial information departments - re-run discovery after that rollout.
111,Kep Provincial Administration,https://kep.gov.kh,kep.gov.kh,2,unconfirmed,static,2,4,Domain follows the confirmed <province>.gov.kh convention. Ministry of Information is separately standing up official sites for all 25 provincial information departments - re-run discovery after that rollout.
112,Pailin Provincial Administration,https://pailin.gov.kh,pailin.gov.kh,2,unconfirmed,static,2,4,Domain follows the confirmed <province>.gov.kh convention. Ministry of Information is separately standing up official sites for all 25 provincial information departments - re-run discovery after that rollout.
113,Tboung Khmum Provincial Administration,https://tboungkhmum.gov.kh,tboungkhmum.gov.kh,2,wikipedia,static,2,4,Domain follows the confirmed <province>.gov.kh convention. Ministry of Information is separately standing up official sites for all 25 provincial information departments - re-run discovery after that rollout.
114,Royal University of Phnom Penh,https://rupp.edu.kh,rupp.edu.kh,3,search,static,2,4,"Public HEIs use .edu.kh, not .gov.kh. Ownership is public but the TLD is not a reliable officiality signal - verify accreditation against the MoEYS register."
115,Institute of Technology of Cambodia,https://itc.edu.kh,itc.edu.kh,3,search,static,2,4,"Public HEIs use .edu.kh, not .gov.kh. Ownership is public but the TLD is not a reliable officiality signal - verify accreditation against the MoEYS register."
116,National University of Management,https://num.edu.kh,num.edu.kh,3,search,static,2,4,"Public HEIs use .edu.kh, not .gov.kh. Ownership is public but the TLD is not a reliable officiality signal - verify accreditation against the MoEYS register."
117,Royal University of Agriculture,https://rua.edu.kh,rua.edu.kh,3,wikipedia,static,2,4,"Public HEIs use .edu.kh, not .gov.kh. Ownership is public but the TLD is not a reliable officiality signal - verify accreditation against the MoEYS register."
118,Royal University of Law and Economics,https://rule.edu.kh,rule.edu.kh,3,search,static,2,4,"Public HEIs use .edu.kh, not .gov.kh. Ownership is public but the TLD is not a reliable officiality signal - verify accreditation against the MoEYS register."
119,University of Health Sciences,https://uhs.edu.kh,uhs.edu.kh,3,search,static,2,4,"Public HEIs use .edu.kh, not .gov.kh. Ownership is public but the TLD is not a reliable officiality signal - verify accreditation against the MoEYS register."
120,Svay Rieng University,https://sru.edu.kh,sru.edu.kh,3,search,static,2,4,"Public HEIs use .edu.kh, not .gov.kh. Ownership is public but the TLD is not a reliable officiality signal - verify accreditation against the MoEYS register."
121,"National Institute of Posts, Telecoms and ICT",https://niptict.edu.kh,niptict.edu.kh,3,search,static,2,4,"Public HEIs use .edu.kh, not .gov.kh. Ownership is public but the TLD is not a reliable officiality signal - verify accreditation against the MoEYS register."
122,Cambodia Academy of Digital Technology,https://cadt.edu.kh,cadt.edu.kh,3,unconfirmed,static,2,4,"Public HEIs use .edu.kh, not .gov.kh. Ownership is public but the TLD is not a reliable officiality signal - verify accreditation against the MoEYS register."
123,National University of Battambang,https://nubb.edu.kh,nubb.edu.kh,3,unconfirmed,static,2,4,"Public HEIs use .edu.kh, not .gov.kh. Ownership is public but the TLD is not a reliable officiality signal - verify accreditation against the MoEYS register."
124,National Technical Training Institute,https://ntti.edu.kh,ntti.edu.kh,3,unconfirmed,static,2,4,"Public HEIs use .edu.kh, not .gov.kh. Ownership is public but the TLD is not a reliable officiality signal - verify accreditation against the MoEYS register."
125,Calmette Hospital,https://calmette.gov.kh,calmette.gov.kh,3,unconfirmed,static,2,4,Candidate domain only. Most Cambodian national hospitals have no independent site and are represented as pages under moh.gov.kh - confirm before crawling.
126,Khmer-Soviet Friendship Hospital,https://kshospital.gov.kh,kshospital.gov.kh,3,unconfirmed,static,2,4,Candidate domain only. Most Cambodian national hospitals have no independent site and are represented as pages under moh.gov.kh - confirm before crawling.
127,National Pediatric Hospital,https://nph.gov.kh,nph.gov.kh,3,unconfirmed,static,2,4,Candidate domain only. Most Cambodian national hospitals have no independent site and are represented as pages under moh.gov.kh - confirm before crawling.
128,Preah Kossamak Hospital,https://kossamak.gov.kh,kossamak.gov.kh,3,unconfirmed,static,2,4,Candidate domain only. Most Cambodian national hospitals have no independent site and are represented as pages under moh.gov.kh - confirm before crawling.
129,National Maternal and Child Health Center,https://nmchc.gov.kh,nmchc.gov.kh,3,unconfirmed,static,2,4,Candidate domain only. Most Cambodian national hospitals have no independent site and are represented as pages under moh.gov.kh - confirm before crawling.
130,National Institute of Public Health,https://niph.gov.kh,niph.gov.kh,3,unconfirmed,static,2,4,Candidate domain only. Most Cambodian national hospitals have no independent site and are represented as pages under moh.gov.kh - confirm before crawling.
