id,organization_name,khmer_name,abbreviation,category,organization_type,government_level,parent_organization,parent_ministry,website,domain,subdomain,base_url,homepage_title,description,language,province,city,address,latitude,longitude,phone,email,facebook,youtube,telegram,linkedin,twitter,logo_url,favicon_url,cms,server,hosting_provider,ssl,https,robots_txt,robots_url,sitemap,sitemap_url,rss,rss_url,search_available,api_available,api_url,open_data,last_updated,first_seen,status,http_status,crawl_priority,estimated_pages,estimated_documents,pdf_count,word_count,notes,source_evidence,verified,seed_url,seed_render_mode,seed_politeness_delay_s,seed_max_depth,verify_sourceId,verify_outcome,verify_httpStatus,verify_finalUrl,verify_redirected,verify_offHost,verify_https,verify_homepageTitle,verify_textLength,verify_robotsExists,verify_robotsAllowsUs,verify_crawlDelayMs,verify_checkedAt,verify_error,verify_softBlock
1,Royal Government of Cambodia (National Portal),រាជរដ្ឋាភិបាលកម្ពុជា,RGC,Portal,Central Government,National,,,https://cambodia.gov.kh,cambodia.gov.kh,,https://cambodia.gov.kh,,Royal Government of Cambodia (National Portal) - official web property of the Royal Government of Cambodia.,km|en,Phnom Penh,Phnom Penh,,,,,,,,,,,,,,,,,,,,,,,,,,,,,2026-07-31,,,1,,,,,Legacy national e-Gov portal; blocked automated fetch during discovery - confirm liveness.,SEARCH,search,https://cambodia.gov.kh,static,2,4,SRC-001,empty,200,https://cambodia.gov.kh/,false,false,true,,0,false,true,2000,2026-09-07T09:00:58.560Z,,
2,Office of the Council of Ministers - Press and Quick Reaction Unit,ទីស្តីការគណៈរដ្ឋមន្ត្រី,OCM / PQRU,Government,Executive Office,National,Office of the Council of Ministers,,https://pressocm.gov.kh,pressocm.gov.kh,,https://pressocm.gov.kh,,Office of the Council of Ministers - Press and Quick Reaction Unit - official web property of the Royal Government of Cambodia.,km|en,Phnom Penh,Phnom Penh,,,,,,,,,,,,,,,,,,,,,,,,,,,,,2026-07-31,,,1,,,,,"Primary publisher of RGC decisions, sub-decrees and press releases. High-value RAG source.",GDT-LINKS,directory,https://pressocm.gov.kh,static,2,4,SRC-002,live,200,https://pressocm.gov.kh/,false,false,true,PRU I អង្គភាព​ព័ត៌មាន​ និងប្រតិកម្មរហ័ស | PRU,10073,true,true,2000,2026-09-07T09:00:58.561Z,,
3,Office of the Council of Ministers,ទីស្តីការគណៈរដ្ឋមន្ត្រី,OCM,Government,Executive Office,National,Royal Government of Cambodia,,https://ocm.gov.kh,ocm.gov.kh,,https://ocm.gov.kh,,Office of the Council of Ministers - official web property of the Royal Government of Cambodia.,km|en,Phnom Penh,Phnom Penh,,,,,,,,,,,,,,,,,,,,,,,,,,,,,2026-07-31,,,1,,,,,Candidate domain - verify whether OCM publishes separately from pressocm.gov.kh.,CONVENTION,unconfirmed,https://ocm.gov.kh,static,2,4,SRC-003,live,200,https://www.ocm.gov.kh/,true,false,true,ទីស្តីការគណៈរដ្ឋមន្ត្រី – Office of the Council of Ministers,8075,true,true,2000,2026-09-07T09:00:58.561Z,,
4,The King of the Kingdom of Cambodia,ព្រះមហាក្សត្រ នៃព្រះរាជាណាចក្រកម្ពុជា,,Constitutional Body,Head of State,National,,,https://norodomsihamoni.org,norodomsihamoni.org,,https://norodomsihamoni.org,,The King of the Kingdom of Cambodia - official web property of the Royal Government of Cambodia.,km|en,Phnom Penh,Phnom Penh,,,,,,,,,,,,,,,,,,,,,,,,,,,,,2026-07-31,,,3,,,,,"Royal household site, not .gov.kh. Listed in official GDT directory.",GDT-LINKS,directory,https://norodomsihamoni.org,static,2,4,SRC-004,live,200,https://norodomsihamoni.org/,false,false,true,His Majesty King Norodom Sihamoni - Home,357,false,true,2000,2026-09-07T09:00:58.561Z,,robots.txt served a non-robots body; treated as absent
5,National Assembly of the Kingdom of Cambodia,រដ្ឋសភានៃព្រះរាជាណាចក្រកម្ពុជា,NA,Legislature,Legislative Body,National,,,https://national-assembly.org.kh,national-assembly.org.kh,,https://national-assembly.org.kh,,National Assembly of the Kingdom of Cambodia - official web property of the Royal Government of Cambodia.,km|en,Phnom Penh,Phnom Penh,,,,,,,,,,,,,,,,,,,,,,,,,,,,,2026-07-31,,,1,,,,,"Note: .org.kh, not .gov.kh. Source of adopted laws - critical RAG source.",GDT-LINKS,directory,https://national-assembly.org.kh,static,2,4,SRC-005,dead,0,https://national-assembly.org.kh,false,false,true,,0,false,true,2000,2026-09-07T09:00:58.561Z,fetch failed,
6,Senate of the Kingdom of Cambodia,ព្រឹទ្ធសភា នៃព្រះរាជាណាចក្រកម្ពុជា,,Legislature,Legislative Body,National,,,https://senate.gov.kh,senate.gov.kh,,https://senate.gov.kh,,Senate of the Kingdom of Cambodia - official web property of the Royal Government of Cambodia.,km|en,Phnom Penh,Phnom Penh,,,,,,,,,,,,,,,,,,,,,,,,,,,,,2026-07-31,,,1,,,,,,GDT-LINKS,directory,https://senate.gov.kh,static,2,4,SRC-006,live,200,https://senate.gov.kh/,false,false,true,គេហទំព័រ ព្រឹទ្ធសភា នៃព្រះរាជាណាចក្រកម្ពុជា,6887,true,true,2000,2026-09-07T09:00:58.561Z,,
7,Constitutional Council of Cambodia,ក្រុមប្រឹក្សាធម្មនុញ្ញ នៃព្រះរាជាណាចក្រកម្ពុជា,CCC,Constitutional Body,Constitutional Council,National,,,https://ccc.gov.kh,ccc.gov.kh,,https://ccc.gov.kh,,Constitutional Council of Cambodia - official web property of the Royal Government of Cambodia.,km|en,Phnom Penh,Phnom Penh,,,,,,,,,,,,,,,,,,,,,,,,,,,,,2026-07-31,,,1,,,,,,GDT-LINKS,directory,https://ccc.gov.kh,static,2,4,SRC-007,blocked,0,,false,false,true,,0,false,false,2000,2026-09-07T09:01:02.603Z,,robots.txt returned a WAF page (F5 BIG-IP ASM rejection page)
8,Supreme Court of Cambodia,តុលាការកំពូល,,Judiciary,Court,National,,,https://supremecourt.gov.kh,supremecourt.gov.kh,,https://supremecourt.gov.kh,,Supreme Court of Cambodia - official web property of the Royal Government of Cambodia.,km|en,Phnom Penh,Phnom Penh,,,,,,,,,,,,,,,,,,,,,,,,,,,,,2026-07-31,,,1,,,,,Also cited as a publisher of Cambodian law in Khmer.,GDT-LINKS,directory,https://supremecourt.gov.kh,static,2,4,SRC-008,live,200,https://supremecourt.gov.kh/,false,false,true,ទំព័រដើម - Supreme Court and Prosecutor,1515,true,true,2000,2026-09-07T09:01:02.734Z,,
9,Extraordinary Chambers in the Courts of Cambodia,អង្គជំនុំជម្រះវិសាមញ្ញក្នុងតុលាការកម្ពុជា,ECCC,Judiciary,Hybrid Tribunal,National,,,https://eccc.gov.kh,eccc.gov.kh,,https://eccc.gov.kh,,Extraordinary Chambers in the Courts of Cambodia - official web property of the Royal Government of Cambodia.,km|en,Phnom Penh,Phnom Penh,,,,,,,,,,,,,,,,,,,,,,,,,,,,,2026-07-31,,,2,,,,,UN-assisted tribunal; large document archive.,GDT-LINKS,directory,https://eccc.gov.kh,static,2,4,SRC-009,live,200,https://eccc.gov.kh/,false,false,true,ទំព័រដើម - អ.វ.ត.ក.,6850,true,true,2000,2026-09-07T09:01:02.952Z,,
10,Supreme Council of Magistracy,ឧត្តមក្រុមប្រឹក្សានៃអង្គចៅក្រម,SCM,Constitutional Body,Judicial Council,National,,,https://scm.gov.kh,scm.gov.kh,,https://scm.gov.kh,,Supreme Council of Magistracy - official web property of the Royal Government of Cambodia.,km|en,Phnom Penh,Phnom Penh,,,,,,,,,,,,,,,,,,,,,,,,,,,,,2026-07-31,,,2,,,,,Candidate domain - verify.,CONVENTION,unconfirmed,https://scm.gov.kh,static,2,4,SRC-010,empty,200,https://scm.gov.kh/,false,false,true,SCM,18,false,true,2000,2026-09-07T09:01:03.686Z,,
11,Appeal Court of Cambodia,,,Judiciary,Court,National,,,https://appealcourt.gov.kh,appealcourt.gov.kh,,https://appealcourt.gov.kh,,Appeal Court of Cambodia - official web property of the Royal Government of Cambodia.,km|en,Phnom Penh,Phnom Penh,,,,,,,,,,,,,,,,,,,,,,,,,,,,,2026-07-31,,,3,,,,,Candidate domain - verify.,CONVENTION,unconfirmed,https://appealcourt.gov.kh,static,2,4,SRC-011,dead,0,https://appealcourt.gov.kh,false,false,true,,0,false,true,2000,2026-09-07T09:01:03.989Z,fetch failed,
12,National Election Committee,គណៈកម្មាធិការជាតិរៀបចំការបោះឆ្នោត,NEC,Constitutional Body,Election Commission,National,,,https://nec.gov.kh,nec.gov.kh,,https://nec.gov.kh,,National Election Committee - official web property of the Royal Government of Cambodia.,km|en,Phnom Penh,Phnom Penh,,,,,,,,,,,,,,,,,,,,,,,,,,,,,2026-07-31,,,1,,,,,,GDT-LINKS,directory,https://nec.gov.kh,static,2,4,SRC-012,live,200,https://www.nec.gov.kh/khmer/,true,false,true,ទំព័រដើម | គណៈកម្មាធិការជាតិរៀបចំការបោះឆ្នោត (គ.ជ.ប),5381,true,true,10000,2026-09-07T09:01:04.658Z,,
13,Anti-Corruption Unit,អង្គភាពប្រឆាំងអំពើពុករលួយ,ACU,Authority,Oversight Body,National,Royal Government of Cambodia,,https://acu.gov.kh,acu.gov.kh,,https://acu.gov.kh,,Anti-Corruption Unit - official web property of the Royal Government of Cambodia.,km|en,Phnom Penh,Phnom Penh,,,,,,,,,,,,,,,,,,,,,,,,,,,,,2026-07-31,,,2,,,,,Candidate domain - verify.,CONVENTION,unconfirmed,https://acu.gov.kh,static,2,4,SRC-013,live,200,https://acu.gov.kh/,false,false,true,Untitled Document,3173,true,true,2000,2026-09-07T09:01:06.807Z,,
14,National Audit Authority,អាជ្ញាធរសវនកម្មជាតិ,NAA,Authority,Audit Institution,National,,,https://naa.gov.kh,naa.gov.kh,,https://naa.gov.kh,,National Audit Authority - official web property of the Royal Government of Cambodia.,km|en,Phnom Penh,Phnom Penh,,,,,,,,,,,,,,,,,,,,,,,,,,,,,2026-07-31,,,2,,,,,Candidate domain - verify.,CONVENTION,unconfirmed,https://naa.gov.kh,static,2,4,SRC-014,live,200,https://naa.gov.kh/en/,true,false,true,,4297,false,true,2000,2026-09-07T09:01:08.032Z,,robots.txt served a non-robots body; treated as absent
15,Ministry of Interior,ក្រសួងមហាផ្ទៃ,MOI,Ministry,Ministry,National,Royal Government of Cambodia,,https://interior.gov.kh,interior.gov.kh,,https://interior.gov.kh,,Ministry of Interior - official web property of the Royal Government of Cambodia.,km|en,Phnom Penh,Phnom Penh,"275 Norodom Blvd (41), Phnom Penh",,,,,,,,,,,,,,,,,,,,,,,,,,,,2026-07-31,,,1,,,,,"Civil registration, ID, national police, sub-national administration. Top RAG priority.",GDT-LINKS,directory,https://interior.gov.kh,static,2,4,SRC-015,live,200,https://interior.gov.kh/,false,false,true,ទំព័រដើម | ក្រសួងមហាផ្ទៃ,1212,true,true,2000,2026-09-07T09:01:08.335Z,,
16,Ministry of National Defence,ក្រសួងការពារជាតិ,MND,Ministry,Ministry,National,Royal Government of Cambodia,,https://mod.gov.kh,mod.gov.kh,,https://mod.gov.kh,,Ministry of National Defence - official web property of the Royal Government of Cambodia.,km|en,Phnom Penh,Phnom Penh,"Georgi Dimitrov Blvd, Phnom Penh 12156",,,,,,,,,,,,,,,,,,,,,,,,,,,,2026-07-31,,,2,,,,,Note: mod.gov.kh in GDT directory; mond.gov.kh appears in legacy sources.,GDT-LINKS,directory,https://mod.gov.kh,static,2,4,SRC-016,blocked,0,,false,false,true,,0,false,false,2000,2026-09-07T09:01:10.869Z,,robots.txt refused with HTTP 403
17,Ministry of Foreign Affairs and International Cooperation,ក្រសួងការបរទេស និងសហប្រតិបត្តិការអន្តរជាតិ,MFAIC,Ministry,Ministry,National,Royal Government of Cambodia,,https://mfaic.gov.kh,mfaic.gov.kh,,https://mfaic.gov.kh,,Ministry of Foreign Affairs and International Cooperation - official web property of the Royal Government of Cambodia.,km|en,Phnom Penh,Phnom Penh,"3 Samdech Hun Sen St., Phnom Penh 12207",,,,,,,,,,,,,,,,,,,,,,,,,,,,2026-07-31,,,1,,,,,,GDT-LINKS,directory,https://mfaic.gov.kh,static,2,4,SRC-017,blocked,0,,false,false,true,,0,false,false,2000,2026-09-07T09:01:12.776Z,,robots.txt returned a WAF page (F5 BIG-IP ASM rejection page)
18,Ministry of Economy and Finance,ក្រសួងសេដ្ឋកិច្ច និងហិរញ្ញវត្ថុ,MEF,Ministry,Ministry,National,Royal Government of Cambodia,,https://mef.gov.kh,mef.gov.kh,,https://mef.gov.kh,,Ministry of Economy and Finance - official web property of the Royal Government of Cambodia.,km|en,Phnom Penh,Phnom Penh,,,,,,,,,,,,,,,,,,,,,,,,,,,,,2026-07-31,,,1,,,,,,GDT-LINKS,directory,https://mef.gov.kh,static,2,4,SRC-018,blocked,0,,false,false,true,,0,false,false,2000,2026-09-07T09:01:12.957Z,,robots.txt refused with HTTP 403
19,"Ministry of Agriculture, Forestry and Fisheries",ក្រសួងកសិកម្ម រុក្ខាប្រមាញ់ និងនេសាទ,MAFF,Ministry,Ministry,National,Royal Government of Cambodia,,https://maff.gov.kh,maff.gov.kh,,https://maff.gov.kh,,"Ministry of Agriculture, Forestry and Fisheries - official web property of the Royal Government of Cambodia.",km|en,Phnom Penh,Phnom Penh,,,,,,,,,,,,,,,,,,,,,,,,,,,,,2026-07-31,,,1,,,,,GDT directory points to web.maff.gov.kh - resolve canonical host during crawl.,GDT-LINKS,directory,https://maff.gov.kh,static,2,4,SRC-019,live,200,https://maff.gov.kh/,false,false,true,ក្រសួងកសិកម្ម រុក្ខាប្រមាញ់ និងនេសាទ - ទំព័រដើម,5280,true,true,2000,2026-09-07T09:01:14.824Z,,
20,Ministry of Rural Development,ក្រសួងអភិវឌ្ឍន៍ជនបទ,MRD,Ministry,Ministry,National,Royal Government of Cambodia,,https://mrd.gov.kh,mrd.gov.kh,,https://mrd.gov.kh,,Ministry of Rural Development - official web property of the Royal Government of Cambodia.,km|en,Phnom Penh,Phnom Penh,"771-773 Monivong Blvd (93), Phnom Penh",,,,,,,,,,,,,,,,,,,,,,,,,,,,2026-07-31,,,2,,,,,,GDT-LINKS,directory,https://mrd.gov.kh,static,2,4,SRC-020,live,200,https://www.mrd.gov.kh/,true,false,true,ក្រសួងអភិវឌ្ឍន៍ជនបទ,5789,true,true,2000,2026-09-07T09:01:15.469Z,,
21,Ministry of Commerce,ក្រសួងពាណិជ្ជកម្ម,MOC,Ministry,Ministry,National,Royal Government of Cambodia,,https://moc.gov.kh,moc.gov.kh,,https://moc.gov.kh,,Ministry of Commerce - official web property of the Royal Government of Cambodia.,km|en,Phnom Penh,Phnom Penh,,,,,,,,,,,,,,,,,,,,,,,,,,,,,2026-07-31,,,1,,,,,,GDT-LINKS,directory,https://moc.gov.kh,static,2,4,SRC-021,live,200,https://moc.gov.kh/kh,true,false,true,ក្រសួងពាណិជ្ជកម្ម | moc.gov.kh,1465,true,true,2000,2026-09-07T09:01:16.332Z,,
22,Ministry of Mines and Energy,ក្រសួងរ៉ែ និងថាមពល,MME,Ministry,Ministry,National,Royal Government of Cambodia,,https://mme.gov.kh,mme.gov.kh,,https://mme.gov.kh,,Ministry of Mines and Energy - official web property of the Royal Government of Cambodia.,km|en,Phnom Penh,Phnom Penh,,,,,,,,,,,,,,,,,,,,,,,,,,,,,2026-07-31,,,2,,,,,"Formerly Ministry of Industry, Mines and Energy (mime.gov.kh) before the split.",GDT-LINKS,directory,https://mme.gov.kh,static,2,4,SRC-022,live,200,https://mme.gov.kh/,false,false,true,Home: Ministry of Mines and Energy,5555,true,true,2000,2026-09-07T09:01:17.057Z,,
23,"Ministry of Industry, Science, Technology and Innovation",ក្រសួងឧស្សាហកម្ម វិទ្យាសាស្ត្រ បច្ចេកវិទ្យា និងនវានុវត្តន៍,MISTI,Ministry,Ministry,National,Royal Government of Cambodia,,https://misti.gov.kh,misti.gov.kh,,https://misti.gov.kh,,"Ministry of Industry, Science, Technology and Innovation - official web property of the Royal Government of Cambodia.",km|en,Phnom Penh,Phnom Penh,"45 Preah Norodom Blvd, Phnom Penh 120203",,,,,,,,,,,,,,,,,,,,,,,,,,,,2026-07-31,,,1,,,,,"HQ: 45 Preah Norodom Blvd, Phnom Penh 120203.",WIKI-IB,wikipedia,https://misti.gov.kh,static,2,4,SRC-023,empty,200,https://misti.gov.kh/,false,false,true,"ក្រសួងឧស្សាហកម្ម វិទ្យាសាស្រ្ត បច្ចេកវិទ្យា និងនវានុវត្តន៏ | Ministry of Industry, Science, Technology & Innovation",115,false,true,2000,2026-09-07T09:01:19.752Z,,robots.txt served a non-robots body; treated as absent
24,Ministry of Planning,ក្រសួងផែនការ,MOP,Ministry,Ministry,National,Royal Government of Cambodia,,https://mop.gov.kh,mop.gov.kh,,https://mop.gov.kh,,Ministry of Planning - official web property of the Royal Government of Cambodia.,km|en,Phnom Penh,Phnom Penh,"386 Preah Monivong Blvd, Phnom Penh",,,,,,,,,,,,,,,,,,,,,,,,,,,,2026-07-31,,,1,,,,,Parent of the National Institute of Statistics.,GDT-LINKS,directory,https://mop.gov.kh,static,2,4,SRC-024,live,200,https://mop.gov.kh/kh/,true,false,true,MoP,1947,true,true,2000,2026-09-07T09:01:19.924Z,,
25,"Ministry of Education, Youth and Sport",ក្រសួងអប់រំ យុវជន និងកីឡា,MoEYS,Ministry,Ministry,National,Royal Government of Cambodia,,https://moeys.gov.kh,moeys.gov.kh,,https://moeys.gov.kh,,"Ministry of Education, Youth and Sport - official web property of the Royal Government of Cambodia.",km|en,Phnom Penh,Phnom Penh,,,,,,,,,,,,,,,,,,,,,,,,,,,,,2026-07-31,,,1,,,,,,GDT-LINKS,directory,https://moeys.gov.kh,static,2,4,SRC-025,blocked,0,,false,false,true,,0,false,false,2000,2026-09-07T09:01:21.258Z,,robots.txt returned a WAF page (F5 BIG-IP ASM rejection page)
26,"Ministry of Social Affairs, Veterans and Youth Rehabilitation",ក្រសួងសង្គមកិច្ច អតីតយុទ្ធជន និងយុវនីតិសម្បទា,MoSVY,Ministry,Ministry,National,Royal Government of Cambodia,,https://mosvy.gov.kh,mosvy.gov.kh,,https://mosvy.gov.kh,,"Ministry of Social Affairs, Veterans and Youth Rehabilitation - official web property of the Royal Government of Cambodia.",km|en,Phnom Penh,Phnom Penh,,,,,,,,,,,,,,,,,,,,,,,,,,,,,2026-07-31,,,1,,,,,Social protection / IDPoor - high citizen-query volume.,GDT-LINKS,directory,https://mosvy.gov.kh,static,2,4,SRC-026,live,200,https://mosvy.gov.kh/,false,false,true,ក្រសួងសង្គមកិច្ច អតីតយុទ្ធជន និងយុវនីតិសម្បទា – Ministry of Social Affairs Veterans and Youth Rehabilitation,8055,false,true,2000,2026-09-07T09:01:21.416Z,,
27,"Ministry of Land Management, Urban Planning and Construction",ក្រសួងរៀបចំដែនដី នគរូបនីយកម្ម និងសំណង់,MLMUPC,Ministry,Ministry,National,Royal Government of Cambodia,,https://mlmupc.gov.kh,mlmupc.gov.kh,,https://mlmupc.gov.kh,,"Ministry of Land Management, Urban Planning and Construction - official web property of the Royal Government of Cambodia.",km|en,Phnom Penh,Phnom Penh,,,,,,,,,,,,,,,,,,,,,,,,,,,,,2026-07-31,,,1,,,,,"Land titles, construction permits - high citizen-query volume.",GDT-LINKS,directory,https://mlmupc.gov.kh,static,2,4,SRC-027,live,200,https://mlmupc.gov.kh/,false,false,true,"ក្រសួងរៀបចំដែនដី នគរូបនីយកម្ម និងសំណង់ – Ministry of Land Management, Urban Planning and Construction",15633,true,true,2000,2026-09-07T09:01:21.651Z,,
28,Ministry of Environment,ក្រសួងបរិស្ថាន,MOE,Ministry,Ministry,National,Royal Government of Cambodia,,https://moe.gov.kh,moe.gov.kh,,https://moe.gov.kh,,Ministry of Environment - official web property of the Royal Government of Cambodia.,km|en,Phnom Penh,Phnom Penh,,,,,,,,,,,,,,,,,,,,,,,,,,,,,2026-07-31,,,2,,,,,,GDT-LINKS,directory,https://moe.gov.kh,static,2,4,SRC-028,live,200,https://moe.gov.kh/,false,false,true,ទំព័រដើម | ក្រសួងបរិស្ថាន,13699,true,true,2000,2026-09-07T09:01:23.353Z,,
29,Ministry of Water Resources and Meteorology,ក្រសួងធនធានទឹក និងឧតុនិយម,MOWRAM,Ministry,Ministry,National,Royal Government of Cambodia,,https://mowram.gov.kh,mowram.gov.kh,,https://mowram.gov.kh,,Ministry of Water Resources and Meteorology - official web property of the Royal Government of Cambodia.,km|en,Phnom Penh,Phnom Penh,,,,,,,,,,,,,,,,,,,,,,,,,,,,,2026-07-31,,,2,,,,,Weather/flood warnings - candidate for a live API feed rather than static crawl.,GDT-LINKS,directory,https://mowram.gov.kh,static,2,4,SRC-029,live,200,https://mowram.gov.kh/,false,false,true,HOME - MOWRAM,2916,false,true,2000,2026-09-07T09:01:23.929Z,,
30,Ministry of Information,ក្រសួងព័ត៌មាន,MINF,Ministry,Ministry,National,Royal Government of Cambodia,,https://information.gov.kh,information.gov.kh,,https://information.gov.kh,,Ministry of Information - official web property of the Royal Government of Cambodia.,km|en,Phnom Penh,Phnom Penh,"62 Monivong Blvd, Phnom Penh",,,,,,,,,,,,,,,,,,,,,,,,,,,,2026-07-31,,,1,,,,,HQ: 62 Monivong Blvd. Establishing official sites for all 25 provincial information departments.,GDT-LINKS,directory,https://information.gov.kh,static,2,4,SRC-030,live,200,https://information.gov.kh/,false,false,true,ក្រសួងព័ត៌មាន,201,true,true,2000,2026-09-07T09:01:25.749Z,,
31,Ministry of Justice,ក្រសួងយុត្តិធម៌,MOJ,Ministry,Ministry,National,Royal Government of Cambodia,,https://moj.gov.kh,moj.gov.kh,,https://moj.gov.kh,,Ministry of Justice - official web property of the Royal Government of Cambodia.,km|en,Phnom Penh,Phnom Penh,,,,,,,,,,,,,,,,,,,,,,,,,,,,,2026-07-31,,,1,,,,,"Divorce, court procedure, criminal records - named as a priority source for AskGov.",GDT-LINKS,directory,https://moj.gov.kh,static,2,4,SRC-031,blocked,0,,false,false,true,,0,false,false,2000,2026-09-07T09:01:26.476Z,,robots.txt returned a WAF page (F5 BIG-IP ASM rejection page)
32,Ministry of Post and Telecommunications,ក្រសួងប្រៃសណីយ៍ និងទូរគមនាគមន៍,MPTC,Ministry,Ministry,National,Royal Government of Cambodia,,https://mptc.gov.kh,mptc.gov.kh,,https://mptc.gov.kh,,Ministry of Post and Telecommunications - official web property of the Royal Government of Cambodia.,km|en,Phnom Penh,Phnom Penh,"13 Monivong Blvd, Phnom Penh 12201",,,,,,,,,,,,,,,,,,,,,,,,,,,,2026-07-31,,,1,,,,,"HQ: 13 Monivong Blvd, Phnom Penh 12201.",GDT-LINKS,directory,https://mptc.gov.kh,static,2,4,SRC-032,live,200,https://mptc.gov.kh/,false,false,true,ទំព័រដើម – ក្រសួងប្រៃសណីយ៍និងទូរគមនាគមន៍,4640,false,true,2000,2026-09-07T09:01:27.104Z,,
33,Ministry of Health,ក្រសួងសុខាភិបាល,MOH,Ministry,Ministry,National,Royal Government of Cambodia,,https://moh.gov.kh,moh.gov.kh,,https://moh.gov.kh,,Ministry of Health - official web property of the Royal Government of Cambodia.,km|en,Phnom Penh,Phnom Penh,"80 Samdech Penn Nouth St. (289), Phnom Penh",,,,,,,,,,,,,,,,,,,,,,,,,,,,2026-07-31,,,1,,,,,HQ: 80 Samdech Penn Nouth St. (289). Hosts provincial health department directory.,GDT-LINKS,directory,https://moh.gov.kh,static,2,4,SRC-033,live,200,https://moh.gov.kh/kh/home,true,false,true,ក្រសួងសុខាភិបាល​​,4678,true,true,2000,2026-09-07T09:01:28.557Z,,
34,Ministry of Public Works and Transport,ក្រសួងសាធារណការ និងដឹកជញ្ជូន,MPWT,Ministry,Ministry,National,Royal Government of Cambodia,,https://mpwt.gov.kh,mpwt.gov.kh,,https://mpwt.gov.kh,,Ministry of Public Works and Transport - official web property of the Royal Government of Cambodia.,km|en,Phnom Penh,Phnom Penh,,,,,,,,,,,,,,,,,,,,,,,,,,,,,2026-07-31,,,1,,,,,"Driving licences, vehicle registration - high citizen-query volume.",GDT-LINKS,directory,https://mpwt.gov.kh,static,2,4,SRC-034,live,200,https://mpwt.gov.kh/kh/home,true,false,true,ស្វាគមន៍មកកាន់ក្រសួងសាធារណការនិងដឹកជញ្ជូន,8546,false,true,2000,2026-09-07T09:01:29.856Z,,
35,Ministry of Culture and Fine Arts,ក្រសួងវប្បធម៌ និងវិចិត្រសិល្បៈ,MCFA,Ministry,Ministry,National,Royal Government of Cambodia,,https://mcfa.gov.kh,mcfa.gov.kh,,https://mcfa.gov.kh,,Ministry of Culture and Fine Arts - official web property of the Royal Government of Cambodia.,km|en,Phnom Penh,Phnom Penh,,,,,,,,,,,,,,,,,,,,,,,,,,,,,2026-07-31,,,2,,,,,,GDT-LINKS,directory,https://mcfa.gov.kh,static,2,4,SRC-035,live,200,https://mcfa.gov.kh/,false,false,true,Ministry of Culture and Fine Arts – The Kingdom of Cambodia,4593,true,true,2000,2026-09-07T09:01:31.463Z,,
36,Ministry of Tourism,ក្រសួងទេសចរណ៍,MOT,Ministry,Ministry,National,Royal Government of Cambodia,,https://tourism.gov.kh,tourism.gov.kh,,https://tourism.gov.kh,,Ministry of Tourism - official web property of the Royal Government of Cambodia.,km|en,Phnom Penh,Phnom Penh,,,,,,,,,,,,,,,,,,,,,,,,,,,,,2026-07-31,,,2,,,,,GDT directory links to cambodiatourismindustry.org instead - resolve which is canonical.,WIKI-IB,wikipedia,https://tourism.gov.kh,static,2,4,SRC-036,empty,200,https://tourism.gov.kh/,false,false,true,Ministry of Tourism,19,false,true,2000,2026-09-07T09:01:32.789Z,,robots.txt served a non-robots body; treated as absent
37,Ministry of Labour and Vocational Training,ក្រសួងការងារ និងបណ្តុះបណ្តាលវិជ្ជាជីវៈ,MLVT,Ministry,Ministry,National,Royal Government of Cambodia,,https://mlvt.gov.kh,mlvt.gov.kh,,https://mlvt.gov.kh,,Ministry of Labour and Vocational Training - official web property of the Royal Government of Cambodia.,km|en,Phnom Penh,Phnom Penh,,,,,,,,,,,,,,,,,,,,,,,,,,,,,2026-07-31,,,1,,,,,Legacy domain mlv.gov.kh also observed - resolve canonical.,SEARCH,search,https://mlvt.gov.kh,static,2,4,SRC-037,live,200,https://mlvt.gov.kh/,false,false,true,Ministry of Labour and Vocational Training,4976,true,true,2000,2026-09-07T09:01:35.548Z,,
38,Ministry of Civil Service,ក្រសួងមុខងារសាធារណៈ,MCS,Ministry,Ministry,National,Royal Government of Cambodia,,https://mcs.gov.kh,mcs.gov.kh,,https://mcs.gov.kh,,Ministry of Civil Service - official web property of the Royal Government of Cambodia.,km|en,Phnom Penh,Phnom Penh,,,,,,,,,,,,,,,,,,,,,,,,,,,,,2026-07-31,,,2,,,,,,GDT-LINKS,directory,https://mcs.gov.kh,static,2,4,SRC-038,dead,0,https://mcs.gov.kh,false,false,true,,0,false,true,2000,2026-09-07T09:01:35.637Z,fetch failed,
39,Ministry of Cults and Religion,ក្រសួងធម្មការ និងសាសនា,MCR,Ministry,Ministry,National,Royal Government of Cambodia,,https://mcr.gov.kh,mcr.gov.kh,,https://mcr.gov.kh,,Ministry of Cults and Religion - official web property of the Royal Government of Cambodia.,km|en,Phnom Penh,Phnom Penh,,,,,,,,,,,,,,,,,,,,,,,,,,,,,2026-07-31,,,3,,,,,Candidate domain - verify.,CONVENTION,unconfirmed,https://mcr.gov.kh,static,2,4,SRC-039,dead,0,https://mcr.gov.kh,false,false,true,,0,false,true,2000,2026-09-07T09:01:36.847Z,fetch failed,
40,Ministry of Women's Affairs,ក្រសួងកិច្ចការនារី,MOWA,Ministry,Ministry,National,Royal Government of Cambodia,,https://mowa.gov.kh,mowa.gov.kh,,https://mowa.gov.kh,,Ministry of Women's Affairs - official web property of the Royal Government of Cambodia.,km|en,Phnom Penh,Phnom Penh,,,,,,,,,,,,,,,,,,,,,,,,,,,,,2026-07-31,,,2,,,,,Candidate domain - verify.,CONVENTION,unconfirmed,https://mowa.gov.kh,static,2,4,SRC-040,live,200,https://mowa.gov.kh/,false,false,true,ក្រសួងកិច្ចការនារី – ដើម្បីសមភាពយេនឌ័រនិងការបង្កើនភាពអង់អាចដល់ស្ត្រី,2755,true,true,2000,2026-09-07T09:01:37.001Z,,
41,"Ministry of Relations with the National Assembly, Senate and Inspection",ក្រសួងទំនាក់ទំនងជាមួយរដ្ឋសភា ព្រឹទ្ធសភា និងអធិការកិច្ច,MNASRI,Ministry,Ministry,National,Royal Government of Cambodia,,https://mnasri.gov.kh,mnasri.gov.kh,,https://mnasri.gov.kh,,"Ministry of Relations with the National Assembly, Senate and Inspection - official web property of the Royal Government of Cambodia.",km|en,Phnom Penh,Phnom Penh,,,,,,,,,,,,,,,,,,,,,,,,,,,,,2026-07-31,,,3,,,,,Legacy domain mnasrl.gov.kh observed in 2017 sources - resolve canonical.,CONVENTION,unconfirmed,https://mnasri.gov.kh,static,2,4,SRC-041,dead,0,https://mnasri.gov.kh,false,false,true,,0,false,true,2000,2026-09-07T09:01:39.965Z,fetch failed,
42,General Department of Taxation,អគ្គនាយកដ្ឋានពន្ធដារ,GDT,General Department,General Department,National,Ministry of Economy and Finance,Ministry of Economy and Finance,https://tax.gov.kh,tax.gov.kh,,https://tax.gov.kh,,General Department of Taxation - official web property of the Royal Government of Cambodia.,km|en,Phnom Penh,Phnom Penh,,,,023 266 668,,,,,,,,,,,,,,,,,,,,,,,,,2026-07-31,,,1,,,,,Hotline 1277. Publishes Law/Sub-Decree/Prakas/Circular/Decision/Instruction/Notice corpora - excellent structured RAG source.,GDT-LINKS,directory,https://tax.gov.kh,static,2,4,SRC-042,live,200,https://www.tax.gov.kh/,true,false,true,GDT Cambodia | អគ្គនាយកដ្ឋានពន្ធដារ,9455,true,true,2000,2026-09-07T09:01:43.279Z,,
43,General Department of Customs and Excise,អគ្គនាយកដ្ឋានគយ និងរដ្ឋាករកម្ពុជា,GDCE,General Department,General Department,National,Ministry of Economy and Finance,Ministry of Economy and Finance,https://customs.gov.kh,customs.gov.kh,,https://customs.gov.kh,,General Department of Customs and Excise - official web property of the Royal Government of Cambodia.,km|en,Phnom Penh,Phnom Penh,,,,,,,,,,,,,,,,,,,,,,,,,,,,,2026-07-31,,,1,,,,,"Also runs apps.customs.gov.kh (Document Tracking System, JS-rendered).",GDT-LINKS,directory,https://customs.gov.kh,static,2,4,SRC-043,live,200,https://customs.gov.kh/,false,false,true,អគ្គនាយកដ្ឋានគយនិងរដ្ឋាករកម្ពុជា,1654,false,true,2000,2026-09-07T09:01:43.361Z,,
44,General Department of National Treasury,អគ្គនាយកដ្ឋានរតនាគារជាតិ,GDNT,General Department,General Department,National,Ministry of Economy and Finance,Ministry of Economy and Finance,https://treasury.gov.kh,treasury.gov.kh,,https://treasury.gov.kh,,General Department of National Treasury - official web property of the Royal Government of Cambodia.,km|en,Phnom Penh,Phnom Penh,,,,,,,,,,,,,,,,,,,,,,,,,,,,,2026-07-31,,,2,,,,,,GDT-LINKS,directory,https://treasury.gov.kh,static,2,4,SRC-044,live,200,https://www.treasury.gov.kh/,true,false,true,GDNT - Home,3045,true,true,2000,2026-09-07T09:01:47.425Z,,
45,General Department of Public Procurement,អគ្គនាយកដ្ឋានលទ្ធកម្មសាធារណៈ,GDPP,General Department,General Department,National,Ministry of Economy and Finance,Ministry of Economy and Finance,https://gdpp.gov.kh,gdpp.gov.kh,,https://gdpp.gov.kh,,General Department of Public Procurement - official web property of the Royal Government of Cambodia.,km|en,Phnom Penh,Phnom Penh,,,,,,,,,,,,,,,,,,,,,,,,,,,,,2026-07-31,,,2,,,,,Candidate domain - procurement notices are a strong RAG source if live.,CONVENTION,unconfirmed,https://gdpp.gov.kh,static,2,4,SRC-045,dead,403,https://gdpp.gov.kh/,false,false,true,,0,true,true,2000,2026-09-07T09:01:47.726Z,,
46,"Consumer Protection, Competition and Fraud Repression Directorate-General",អគ្គនាយកដ្ឋានការពារអ្នកប្រើប្រាស់ កិច្ចការប្រកួតប្រជែង និងបង្ក្រាបការក្លែងបន្លំ,CCF,General Department,General Department,National,Ministry of Commerce,Ministry of Commerce,https://ccfdg.gov.kh,ccfdg.gov.kh,,https://ccfdg.gov.kh,,"Consumer Protection, Competition and Fraud Repression Directorate-General - official web property of the Royal Government of Cambodia.",km|en,Phnom Penh,Phnom Penh,,,,,,,,,,,,,,,,,,,,,,,,,,,,,2026-07-31,,,2,,,,,,GDT-LINKS,directory,https://ccfdg.gov.kh,static,2,4,SRC-046,live,200,https://www.ccfdg.gov.kh/,true,false,true,Homepage - CCF,5166,true,true,2000,2026-09-07T09:01:51.817Z,,
47,General Directorate of Trade Promotion,អគ្គនាយកដ្ឋានជំរុញពាណិជ្ជកម្ម,GDTP,General Department,General Department,National,Ministry of Commerce,Ministry of Commerce,https://gdtp.gov.kh,gdtp.gov.kh,,https://gdtp.gov.kh,,General Directorate of Trade Promotion - official web property of the Royal Government of Cambodia.,km|en,Phnom Penh,Phnom Penh,,,,,,,,,,,,,,,,,,,,,,,,,,,,,2026-07-31,,,3,,,,,,GDT-LINKS,directory,https://gdtp.gov.kh,static,2,4,SRC-047,dead,522,https://gdtp.gov.kh/,false,false,true,,0,false,true,2000,2026-09-07T09:01:52.909Z,,
48,Department of Legal Affairs - Secured Transaction Filing Office,នាយកដ្ឋាននីតិកម្ម-ការិយាល័យតម្កល់ប្រតិបត្តិការដែលមានកិច្ចធានា,STFO,Agency,Registry,National,Ministry of Commerce,Ministry of Commerce,https://setfo.gov.kh,setfo.gov.kh,,https://setfo.gov.kh,,Department of Legal Affairs - Secured Transaction Filing Office - official web property of the Royal Government of Cambodia.,km|en,Phnom Penh,Phnom Penh,,,,,,,,,,,,,,,,,,,,,,,,,,,,,2026-07-31,,,3,,,,,,GDT-LINKS,directory,https://setfo.gov.kh,static,2,4,SRC-048,dead,0,https://setfo.gov.kh,false,false,true,,0,false,true,2000,2026-09-07T09:01:57.403Z,fetch failed,
49,Department of Intellectual Property Rights,នាយកដ្ឋានកម្មសិទ្ធិបញ្ញា,D/IPR,Agency,Department,National,Ministry of Commerce,Ministry of Commerce,https://www.cambodiaip.gov.kh,cambodiaip.gov.kh,www,https://www.cambodiaip.gov.kh,,Department of Intellectual Property Rights - official web property of the Royal Government of Cambodia.,km|en,Phnom Penh,Phnom Penh,"Ministry of Commerce, No. 19-61, Confederation de la Russie Blvd (110), Phnom Penh 12200",,,023 866 114,,,,,,,,,,,,,,,,,,,,,,,,,2026-07-31,,,2,,,,,"Canonical public site for the D/IPR (trademark, patent, industrial design, geographical indication, copyright). Content structured as /en/<topic>/ and /km/<topic>/ - clean bilingual parallel corpus. Sub-units: Dept. of Industrial Property, Dept. of Copyright and Related Rights. Handles WIPO/ASPEC cooperation.",SEARCH,search,https://www.cambodiaip.gov.kh,static,2,4,SRC-049,live,200,https://www.cambodiaip.gov.kh/,false,false,true,Home - Cambodia IP,3596,true,true,2000,2026-09-07T09:01:58.116Z,,
50,Cambodia Digital IP (Trademark e-Service),,DigitalIP,Digital Platform,e-Service,National,Department of Intellectual Property Rights,Ministry of Commerce,https://digitalip.cambodiaip.gov.kh,cambodiaip.gov.kh,digitalip,https://digitalip.cambodiaip.gov.kh,,Cambodia Digital IP (Trademark e-Service) - official web property of the Royal Government of Cambodia.,km|en,Phnom Penh,Phnom Penh,"Ministry of Commerce, No. 19-61, Confederation de la Russie Blvd (110), Phnom Penh 12200",,,,,,,,,,,,,,,,,,,,,,,,,,,,2026-07-31,,,2,,,,,"Online trademark/IP filing and search service. Nuxt.js single-page app (/_nuxt/ assets, empty meta-description, title renders only as 'MOC') - REQUIRES HEADLESS RENDERING; a static fetch returns an empty shell. Serves en_gb with km alternate. Check for a JSON backend before crawling HTML.",SEARCH,search,https://digitalip.cambodiaip.gov.kh,headless,2,4,,,,,,,,,,,,,,,
51,Department of Intellectual Property Rights (legacy portal),នាយកដ្ឋានកម្មសិទ្ធិបញ្ញា,D/IPR,Agency,Department,National,Department of Intellectual Property Rights,Ministry of Commerce,https://dip.cambodiaip.gov.kh,cambodiaip.gov.kh,dip,https://dip.cambodiaip.gov.kh,,Department of Intellectual Property Rights (legacy portal) - official web property of the Royal Government of Cambodia.,km|en,Phnom Penh,Phnom Penh,"Ministry of Commerce, No. 19-61, Confederation de la Russie Blvd (110), Phnom Penh 12200",,,023 866 114,,,,,,,,,,,,,,,,,,,,,,,,,2026-07-31,,,3,,,,,"Legacy ASP.NET site (TemplateTwo.aspx?parentId=..&menuid=..). Query-string navigation produces near-duplicate URLs - use canonical tags or URL-param normalisation to avoid polluting the vector store. Likely superseded by www.cambodiaip.gov.kh; confirm before ingesting, and prefer the canonical host on conflict.",SEARCH,search,https://dip.cambodiaip.gov.kh,static,2,4,SRC-051,dead,500,https://dip.cambodiaip.gov.kh/,false,false,true,,0,false,true,2000,2026-09-07T09:01:59.494Z,,
52,General Department of Immigration,អគ្គនាយកដ្ឋានអន្តោប្រវេសន៍,GDI,General Department,General Department,National,Ministry of Interior,Ministry of Interior,https://immigration.gov.kh,immigration.gov.kh,,https://immigration.gov.kh,,General Department of Immigration - official web property of the Royal Government of Cambodia.,km|en,Phnom Penh,Phnom Penh,,,,,,,,,,,,,,,,,,,,,,,,,,,,,2026-07-31,,,1,,,,,Candidate domain - visa/residency queries are high volume.,CONVENTION,unconfirmed,https://immigration.gov.kh,static,2,4,SRC-052,live,200,https://immigration.gov.kh/,false,false,true,អគ្គនាយកដ្ឋានអន្តោប្រវេសន៍,854,true,true,2000,2026-09-07T09:02:02.484Z,,
53,General Department of Identification,អគ្គនាយកដ្ឋានអត្តសញ្ញាណកម្ម,GDI-ID,General Department,General Department,National,Ministry of Interior,Ministry of Interior,https://gdi.gov.kh,gdi.gov.kh,,https://gdi.gov.kh,,General Department of Identification - official web property of the Royal Government of Cambodia.,km|en,Phnom Penh,Phnom Penh,,,,,,,,,,,,,,,,,,,,,,,,,,,,,2026-07-31,,,1,,,,,Candidate domain - national ID card procedures.,CONVENTION,unconfirmed,https://gdi.gov.kh,static,2,4,SRC-053,live,200,https://gdi.gov.kh/,false,false,true,Welcome to nginx!,291,false,true,2000,2026-09-07T09:02:03.707Z,,
54,Cambodian National Police,នគរបាលជាតិកម្ពុជា,CNP,Agency,Law Enforcement,National,Ministry of Interior,Ministry of Interior,https://police.gov.kh,police.gov.kh,,https://police.gov.kh,,Cambodian National Police - official web property of the Royal Government of Cambodia.,km|en,Phnom Penh,Phnom Penh,,,,,,,,,,,,,,,,,,,,,,,,,,,,,2026-07-31,,,1,,,,,Candidate domain - 'where is my police station' is a named AskGov query type.,CONVENTION,unconfirmed,https://police.gov.kh,static,2,4,SRC-054,dead,468,https://police.gov.kh/,false,false,true,,0,false,true,2000,2026-09-07T09:02:06.697Z,,
55,Council for the Development of Cambodia,ក្រុមប្រឹក្សាអភិវឌ្ឍន៍កម្ពុជា,CDC,Council,Investment Board,National,Royal Government of Cambodia,,https://cdc.gov.kh,cdc.gov.kh,,https://cdc.gov.kh,,Council for the Development of Cambodia - official web property of the Royal Government of Cambodia.,km|en,Phnom Penh,Phnom Penh,,,,,,,,,,,,,,,,,,,,,,,,,,,,,2026-07-31,,,1,,,,,Publishes laws and regulations at /laws-and-regulations. Also operates cambodiainvestment.gov.kh.,GDT-LINKS,directory,https://cdc.gov.kh,static,2,4,SRC-055,live,200,https://cdc.gov.kh/,false,false,true,The Council for the Development of Cambodia (CDC),4505,true,true,2000,2026-09-07T09:02:07.740Z,,
56,Cambodia Investment Board Portal,ក្រុមប្រឹក្សាអភិវឌ្ឍន៍កម្ពុជា,CIB,Portal,Investment Portal,National,Council for the Development of Cambodia,,https://cambodiainvestment.gov.kh,cambodiainvestment.gov.kh,,https://cambodiainvestment.gov.kh,,Cambodia Investment Board Portal - official web property of the Royal Government of Cambodia.,km|en,Phnom Penh,Phnom Penh,,,,,,,,,,,,,,,,,,,,,,,,,,,,,2026-07-31,,,2,,,,,Listed in GDT directory as the CDC site - dedupe against cdc.gov.kh after crawl.,GDT-LINKS,directory,https://cambodiainvestment.gov.kh,static,2,4,SRC-056,dead,0,https://cambodiainvestment.gov.kh,false,false,true,,0,false,true,2000,2026-09-07T09:02:10.743Z,fetch failed,
57,Supreme National Economic Council,ឧត្តមក្រុមប្រឹក្សាសេដ្ឋកិច្ចជាតិ,SNEC,Council,Advisory Council,National,Royal Government of Cambodia,,https://snec.gov.kh,snec.gov.kh,,https://snec.gov.kh,,Supreme National Economic Council - official web property of the Royal Government of Cambodia.,km|en,Phnom Penh,Phnom Penh,,,,,,,,,,,,,,,,,,,,,,,,,,,,,2026-07-31,,,2,,,,,GDT directory mislabels cdc.gov.kh as SNEC - verify SNEC's own domain.,CONVENTION,unconfirmed,https://snec.gov.kh,static,2,4,SRC-057,dead,0,https://snec.gov.kh,false,false,true,,0,false,true,2000,2026-09-07T09:02:12.285Z,fetch failed,
58,National Bank of Cambodia,ធនាគារជាតិនៃកម្ពុជា,NBC,Regulator,Central Bank,National,,,https://nbc.gov.kh,nbc.gov.kh,,https://nbc.gov.kh,,National Bank of Cambodia - official web property of the Royal Government of Cambodia.,km|en,Phnom Penh,Phnom Penh,,,,,,,,,,,,,,,,,,,,,,,,,,,,,2026-07-31,,,1,,,,,GDT directory lists nbc.org.kh; nbc.gov.kh also observed. Resolve canonical during crawl.,GDT-LINKS,directory,https://nbc.gov.kh,static,2,4,SRC-058,blocked,0,,false,false,true,,0,false,false,2000,2026-09-07T09:02:21.140Z,,robots.txt refused with HTTP 403
59,Securities and Exchange Regulator of Cambodia,និយ័តករមូលបត្រកម្ពុជា,SERC,Regulator,Financial Regulator,National,Ministry of Economy and Finance,Ministry of Economy and Finance,https://secc.gov.kh,secc.gov.kh,,https://secc.gov.kh,,Securities and Exchange Regulator of Cambodia - official web property of the Royal Government of Cambodia.,km|en,Phnom Penh,Phnom Penh,,,,,,,,,,,,,,,,,,,,,,,,,,,,,2026-07-31,,,2,,,,,Candidate domain - verify (serc.gov.kh also possible after 2021 rename).,CONVENTION,unconfirmed,https://secc.gov.kh,static,2,4,SRC-059,dead,0,https://secc.gov.kh,false,false,true,,0,false,true,2000,2026-09-07T09:02:23.201Z,fetch failed,
60,Insurance Regulator of Cambodia,និយ័តករធានារ៉ាប់រងកម្ពុជា,IRC,Regulator,Financial Regulator,National,Ministry of Economy and Finance,Ministry of Economy and Finance,https://irc.gov.kh,irc.gov.kh,,https://irc.gov.kh,,Insurance Regulator of Cambodia - official web property of the Royal Government of Cambodia.,km|en,Phnom Penh,Phnom Penh,,,,,,,,,,,,,,,,,,,,,,,,,,,,,2026-07-31,,,3,,,,,Candidate domain - verify.,CONVENTION,unconfirmed,https://irc.gov.kh,static,2,4,SRC-060,live,200,https://irc.gov.kh/en,true,false,true,និយ័តករធានារ៉ាប់រងកម្ពុជា - Insurance Regulator of Cambodia,1332,true,true,2000,2026-09-07T09:02:33.589Z,,
61,Telecommunication Regulator of Cambodia,និយ័តករទូរគមនាគមន៍កម្ពុជា,TRC,Regulator,Sector Regulator,National,Ministry of Post and Telecommunications,Ministry of Post and Telecommunications,https://trc.gov.kh,trc.gov.kh,,https://trc.gov.kh,,Telecommunication Regulator of Cambodia - official web property of the Royal Government of Cambodia.,km|en,Phnom Penh,Phnom Penh,,,,,,,,,,,,,,,,,,,,,,,,,,,,,2026-07-31,,,2,,,,,Candidate domain - verify.,CONVENTION,unconfirmed,https://trc.gov.kh,static,2,4,SRC-061,dead,403,https://www.trc.gov.kh/,true,false,true,,0,true,true,2000,2026-09-07T09:02:35.262Z,,
62,Electricity Authority of Cambodia,អាជ្ញាធរអគ្គីសនីកម្ពុជា,EAC,Regulator,Sector Regulator,National,Ministry of Mines and Energy,Ministry of Mines and Energy,https://eac.gov.kh,eac.gov.kh,,https://eac.gov.kh,,Electricity Authority of Cambodia - official web property of the Royal Government of Cambodia.,km|en,Phnom Penh,Phnom Penh,,,,,,,,,,,,,,,,,,,,,,,,,,,,,2026-07-31,,,2,,,,,,GDT-LINKS,directory,https://eac.gov.kh,static,2,4,SRC-062,blocked,0,,false,false,true,,0,true,false,2000,2026-09-07T09:02:39.269Z,,
63,National Social Security Fund,បេឡាជាតិសន្តិសុខសង្គម,NSSF,Agency,Social Insurance Fund,National,Ministry of Labour and Vocational Training,Ministry of Labour and Vocational Training,https://nssf.gov.kh,nssf.gov.kh,,https://nssf.gov.kh,,National Social Security Fund - official web property of the Royal Government of Cambodia.,km|en,Phnom Penh,Phnom Penh,,,,,,,,,,,,,,,,,,,,,,,,,,,,,2026-07-31,,,1,,,,,Candidate domain - very high citizen-query volume (health/pension benefits).,CONVENTION,unconfirmed,https://nssf.gov.kh,static,2,4,SRC-063,empty,200,https://nssf.gov.kh/,false,false,true,បេឡាជាតិសន្តិសុខសង្គម - National Social Security Fund,127,false,true,2000,2026-09-07T09:02:39.433Z,,
64,National Committee for Sub-National Democratic Development,គណៈកម្មាធិការជាតិសម្រាប់ការអភិវឌ្ឍតាមបែបប្រជាធិបតេយ្យនៅថ្នាក់ក្រោមជាតិ,NCDD,Committee,Inter-ministerial Committee,National,Ministry of Interior,Ministry of Interior,https://ncdd.gov.kh,ncdd.gov.kh,,https://ncdd.gov.kh,,National Committee for Sub-National Democratic Development - official web property of the Royal Government of Cambodia.,km|en,Phnom Penh,Phnom Penh,,,,,,,,,,,,,,,,,,,,,,,,,,,,,2026-07-31,,,1,,,,,Publishes Provincial Data Books - excellent structured sub-national reference data.,SEARCH,search,https://ncdd.gov.kh,static,2,4,SRC-064,live,200,https://ncdd.gov.kh/,false,false,true,គ.ជ.អ.ប.,31747,false,true,2000,2026-09-07T09:02:41.338Z,,
65,Digital Economy and Business Committee,គណៈកម្មាធិការសេដ្ឋកិច្ចឌីជីថល និងអាជីវកម្ម,DEBC,Committee,Policy Committee,National,Ministry of Economy and Finance,Ministry of Economy and Finance,https://digitaleconomy.gov.kh,digitaleconomy.gov.kh,,https://digitaleconomy.gov.kh,,Digital Economy and Business Committee - official web property of the Royal Government of Cambodia.,km|en,Phnom Penh,Phnom Penh,,,,,,,,,,,,,,,,,,,,,,,,,,,,,2026-07-31,,,1,,,,,"Hub describing CamDX, CamDigiKey, CamDL, CamDigiPay, Bakong, business.gov.kh.",SEARCH,search,https://digitaleconomy.gov.kh,static,2,4,SRC-065,live,200,https://digitaleconomy.gov.kh/km,true,false,true,គណៈកម្មាធិការសេដ្ឋកិច្ច និងធុរកិច្ចឌីជីថល - គ.ស.ធ.ឌ.,3277,true,true,2000,2026-09-07T09:02:42.400Z,,
66,Digital Government Committee,គណៈកម្មាធិការរដ្ឋាភិបាលឌីជីថល,DGC,Committee,Policy Committee,National,Ministry of Post and Telecommunications,Ministry of Post and Telecommunications,https://dgc.gov.kh,dgc.gov.kh,,https://dgc.gov.kh,,Digital Government Committee - official web property of the Royal Government of Cambodia.,km|en,Phnom Penh,Phnom Penh,,,,,,,,,,,,,,,,,,,,,,,,,,,,,2026-07-31,,,1,,,,,Candidate domain - verify against internal DGC records.,CONVENTION,unconfirmed,https://dgc.gov.kh,static,2,4,SRC-066,live,200,https://dgc.gov.kh/,false,false,true,ទំព័រដើម,4452,false,true,2000,2026-09-07T09:02:43.457Z,,
67,National Institute of Statistics,វិទ្យាស្ថានជាតិស្ថិតិ,NIS,Institute,Statistical Office,National,Ministry of Planning,Ministry of Planning,https://nis.gov.kh,nis.gov.kh,,https://nis.gov.kh,,National Institute of Statistics - official web property of the Royal Government of Cambodia.,km|en,Phnom Penh,Phnom Penh,,,,,,,,,,,,,,,,,,,,,,,,,,,,,2026-07-31,,,1,,,,,Hosts census PDFs (e.g. /nis/Census2019/). Prime structured-data + PDF ingestion target.,GDT-LINKS,directory,https://nis.gov.kh,static,2,4,SRC-067,live,200,https://nis.gov.kh/,false,false,true,វិទ្យាស្ថានជាតិស្ថិតិ ( NIS ) – វិទ្យាស្ថានជាតិស្ថិតិ ( NIS ),2354,true,true,2000,2026-09-07T09:02:45.587Z,,
68,Royal Academy of Cambodia,រាជបណ្ឌិត្យសភាកម្ពុជា,RAC,Institute,Research Academy,National,Office of the Council of Ministers,,https://rac.gov.kh,rac.gov.kh,,https://rac.gov.kh,,Royal Academy of Cambodia - official web property of the Royal Government of Cambodia.,km|en,Phnom Penh,Phnom Penh,,,,,,,,,,,,,,,,,,,,,,,,,,,,,2026-07-31,,,2,,,,,Candidate domain - verify.,CONVENTION,unconfirmed,https://rac.gov.kh,static,2,4,SRC-068,live,200,https://rac.gov.kh/,false,false,true,រាជបណ្ឌិត្យសភាកម្ពុជា,8916,true,true,2000,2026-09-07T09:02:47.444Z,,
69,APSARA National Authority,អាជ្ញាធរអប្សារា,APSARA,Authority,National Authority,National,Ministry of Culture and Fine Arts,Ministry of Culture and Fine Arts,https://apsaraauthority.gov.kh,apsaraauthority.gov.kh,,https://apsaraauthority.gov.kh,,APSARA National Authority - official web property of the Royal Government of Cambodia.,km|en,Siem Reap,Siem Reap,"Bang Korng Village, Ampil Commune, Prasat Bakong District, Siem Reap",,,,,,,,,,,,,,,,,,,,,,,,,,,,2026-07-31,,,2,,,,,"HQ: Bang Korng Village, Ampil Commune, Prasat Bakong District, Siem Reap.",GDT-LINKS,directory,https://apsaraauthority.gov.kh,static,2,4,SRC-069,live,200,https://apsaraauthority.gov.kh/,false,false,true,Home - APSARA National Authority,8390,true,true,2000,2026-09-07T09:02:48.987Z,,
70,National Authority for Preah Vihear,អាជ្ញាធរជាតិព្រះវិហារ,ANPV,Authority,National Authority,National,Office of the Council of Ministers,,https://napv.gov.kh,napv.gov.kh,,https://napv.gov.kh,,National Authority for Preah Vihear - official web property of the Royal Government of Cambodia.,km|en,Preah Vihear,Preah Vihear,,,,,,,,,,,,,,,,,,,,,,,,,,,,,2026-07-31,,,3,,,,,,GDT-LINKS,directory,https://napv.gov.kh,static,2,4,SRC-070,live,200,https://napv.gov.kh/,false,false,true,Home - National Authority For Preahvihear,4094,false,true,2000,2026-09-07T09:02:49.802Z,,
71,Cambodian Mine Action and Victim Assistance Authority,អាជ្ញាធរជាតិកម្ពុជាគ្រប់គ្រងសកម្មភាពកំចាត់មីន,CMAA,Authority,National Authority,National,Office of the Council of Ministers,,https://cmaa.gov.kh,cmaa.gov.kh,,https://cmaa.gov.kh,,Cambodian Mine Action and Victim Assistance Authority - official web property of the Royal Government of Cambodia.,km|en,Phnom Penh,Phnom Penh,,,,,,,,,,,,,,,,,,,,,,,,,,,,,2026-07-31,,,2,,,,,,GDT-LINKS,directory,https://cmaa.gov.kh,static,2,4,SRC-071,live,200,https://cmaa.gov.kh/,false,false,true,ទំព័រដើម | អាជ្ញាធរមីន,12024,true,true,2000,2026-09-07T09:02:50.426Z,,
72,National Authority for Combating Drugs,អាជ្ញាធរជាតិប្រយុទ្ធប្រឆាំងគ្រឿងញៀន,NACD,Authority,National Authority,National,Ministry of Interior,Ministry of Interior,https://nacd.gov.kh,nacd.gov.kh,,https://nacd.gov.kh,,National Authority for Combating Drugs - official web property of the Royal Government of Cambodia.,km|en,Phnom Penh,Phnom Penh,,,,,,,,,,,,,,,,,,,,,,,,,,,,,2026-07-31,,,3,,,,,,GDT-LINKS,directory,https://nacd.gov.kh,static,2,4,SRC-072,live,200,https://nacd.gov.kh/,false,false,true,National Authority for Combating Drug,2457,true,true,2000,2026-09-07T09:02:51.651Z,,
73,State Secretariat of Civil Aviation,រដ្ឋលេខាធិការដ្ឋានអាកាសចរស៊ីវិល,SSCA,Secretariat,State Secretariat,National,Office of the Council of Ministers,,https://ssca.gov.kh,ssca.gov.kh,,https://ssca.gov.kh,,State Secretariat of Civil Aviation - official web property of the Royal Government of Cambodia.,km|en,Phnom Penh,Phnom Penh,,,,,,,,,,,,,,,,,,,,,,,,,,,,,2026-07-31,,,2,,,,,Candidate domain - verify.,CONVENTION,unconfirmed,https://ssca.gov.kh,static,2,4,SRC-073,dead,0,https://ssca.gov.kh,false,false,true,,0,false,true,2000,2026-09-07T09:02:51.742Z,fetch failed,
74,Sihanoukville Autonomous Port,កំពង់ផែស្វយ័តក្រុងព្រះសីហនុ,PAS,Agency,State-owned Enterprise,National,Ministry of Public Works and Transport,Ministry of Public Works and Transport,https://pas.gov.kh,pas.gov.kh,,https://pas.gov.kh,,Sihanoukville Autonomous Port - official web property of the Royal Government of Cambodia.,km|en,Preah Sihanouk,Sihanoukville,,,,,,,,,,,,,,,,,,,,,,,,,,,,,2026-07-31,,,3,,,,,Candidate domain - verify.,CONVENTION,unconfirmed,https://pas.gov.kh,static,2,4,SRC-074,live,200,https://pas.gov.kh/,false,false,true,ទំព័រដើម | កំពង់​ផែ​ស្វយ័ត​ក្រុងព្រះសីហនុ,6175,true,true,2000,2026-09-07T09:02:54.874Z,,
75,Agence Kampuchea Presse,សារព័ត៌មានកម្ពុជា,AKP,Agency,State News Agency,National,Ministry of Information,Ministry of Information,https://akp.gov.kh,akp.gov.kh,,https://akp.gov.kh,,Agence Kampuchea Presse - official web property of the Royal Government of Cambodia.,km|en,Phnom Penh,Phnom Penh,,,,,,,,,,,,,,,,,,,,,,,,,,,,,2026-07-31,,,1,,,,,Official news wire (article URLs of form /post/detail/<id>). Best single feed for keeping AskGov current.,SEARCH,search,https://akp.gov.kh,static,2,4,SRC-075,live,200,https://akp.gov.kh/,false,false,true,Agence Kampuchea Presse - AKP,7462,true,true,2000,2026-09-07T09:02:55.782Z,,
76,Cambodia Data Exchange,វេទិកាផ្លាស់ប្តូរទិន្នន័យកម្ពុជា,CamDX,Digital Platform,Data Exchange,National,Ministry of Economy and Finance,Ministry of Economy and Finance,https://camdx.gov.kh,camdx.gov.kh,,https://camdx.gov.kh,,Cambodia Data Exchange - official web property of the Royal Government of Cambodia.,km|en,Phnom Penh,Phnom Penh,,,,,,,,,,,,,,,,,,,,,,,,,,,,,2026-07-31,,,1,,,,,National API/data-exchange layer. Membership portal at registration.camdx.gov.kh. Likely source of live APIs for AskGov.,SEARCH,search,https://camdx.gov.kh,static,2,4,SRC-076,live,200,https://camdx.gov.kh/,false,false,true,CamDX - Cambodia Data Exchange,8985,true,true,2000,2026-09-07T09:02:56.062Z,,
77,CamDigiKey,កាមឌីជីខី,CamDigiKey,Digital Platform,Identity / eKYC,National,Ministry of Economy and Finance,Ministry of Economy and Finance,https://camdigikey.gov.kh,camdigikey.gov.kh,,https://camdigikey.gov.kh,,CamDigiKey - official web property of the Royal Government of Cambodia.,km|en,Phnom Penh,Phnom Penh,,,,,,,,,,,,,,,,,,,,,,,,,,,,,2026-07-31,,,1,,,,,"National SSO / eKYC. Open KYC APIs; OAuth 2.0 for web, Deeplink for mobile.",SEARCH,search,https://camdigikey.gov.kh,static,2,4,SRC-077,empty,200,https://camdigikey.gov.kh/,false,false,true,CamDigiKey,21,true,true,2000,2026-09-07T09:02:59.728Z,,
78,Online Business Registration / Registration Services,សេវាចុះបញ្ជីអាជីវកម្មតាមប្រព័ន្ធអនឡាញ,OBR,Digital Platform,e-Service,National,Ministry of Commerce,Ministry of Commerce,https://registrationservices.gov.kh,registrationservices.gov.kh,,https://registrationservices.gov.kh,,Online Business Registration / Registration Services - official web property of the Royal Government of Cambodia.,km|en,Phnom Penh,Phnom Penh,,,,,,,,,,,,,,,,,,,,,,,,,,,,,2026-07-31,,,1,,,,,"Single window across MOC, GDT and MLVT via CamDX.",SEARCH,search,https://registrationservices.gov.kh,static,2,4,SRC-078,live,200,https://registrationservices.gov.kh/,false,false,true,Registration Services – Online Business Registration,14478,true,true,2000,2026-09-07T09:02:59.873Z,,
79,Business Information Portal,,business.gov.kh,Portal,Information Hub,National,Ministry of Economy and Finance,Ministry of Economy and Finance,https://business.gov.kh,business.gov.kh,,https://business.gov.kh,,Business Information Portal - official web property of the Royal Government of Cambodia.,km|en,Phnom Penh,Phnom Penh,,,,,,,,,,,,,,,,,,,,,,,,,,,,,2026-07-31,,,2,,,,,Central zero-cost information hub for local and foreign businesses.,SEARCH,search,https://business.gov.kh,static,2,4,SRC-079,live,200,https://business.gov.kh/,false,false,true,Cambodia Business Portal,1479,true,true,2000,2026-09-07T09:03:00.938Z,,
80,Cambodia e-Visa,,eVisa,Digital Platform,e-Service,National,Ministry of Foreign Affairs and International Cooperation,Ministry of Foreign Affairs and International Cooperation,https://evisa.gov.kh,evisa.gov.kh,,https://evisa.gov.kh,,Cambodia e-Visa - official web property of the Royal Government of Cambodia.,km|en,Phnom Penh,Phnom Penh,,,,,,,,,,,,,,,,,,,,,,,,,,,,,2026-07-31,,,2,,,,,,SEARCH,search,https://evisa.gov.kh,static,2,4,SRC-080,dead,0,https://evisa.gov.kh,false,false,true,,0,false,true,2000,2026-09-07T09:03:01.003Z,fetch failed,
81,Criminal Record Requesting System,,,Digital Platform,e-Service,National,Ministry of Justice,Ministry of Justice,https://cr.moj.gov.kh,moj.gov.kh,cr,https://cr.moj.gov.kh,,Criminal Record Requesting System - official web property of the Royal Government of Cambodia.,km|en,Phnom Penh,Phnom Penh,,,,,,,,,,,,,,,,,,,,,,,,,,,,,2026-07-31,,,2,,,,,Subdomain of moj.gov.kh.,SEARCH,search,https://cr.moj.gov.kh,static,2,4,SRC-081,empty,200,https://cr.moj.gov.kh/,false,false,true,ប្រព័ន្ធព្រឹត្តិបត្រថ្កោលទោសឌីជីថល - ក្រសួងយុត្តិធម៌,52,false,true,2000,2026-09-07T09:03:04.847Z,,robots.txt served a non-robots body; treated as absent
82,GDT e-Tax Portal (Online Web Portal),,OWP,Digital Platform,e-Service,National,General Department of Taxation,Ministry of Economy and Finance,https://owp.tax.gov.kh,tax.gov.kh,owp,https://owp.tax.gov.kh,,GDT e-Tax Portal (Online Web Portal) - official web property of the Royal Government of Cambodia.,km|en,Phnom Penh,Phnom Penh,,,,,,,,,,,,,,,,,,,,,,,,,,,,,2026-07-31,,,2,,,,,"e-Payment, e-Filing, incentives, DTA management. Login-walled - metadata only.",GDT-LINKS,directory,https://owp.tax.gov.kh,static,2,4,SRC-082,blocked,0,,false,false,true,,0,false,false,2000,2026-09-07T09:03:05.147Z,,robots.txt returned a WAF page (F5 BIG-IP ASM rejection page)
83,Customs Document Tracking System,,,Digital Platform,e-Service,National,General Department of Customs and Excise,Ministry of Economy and Finance,https://apps.customs.gov.kh,customs.gov.kh,apps,https://apps.customs.gov.kh,,Customs Document Tracking System - official web property of the Royal Government of Cambodia.,km|en,Phnom Penh,Phnom Penh,,,,,,,,,,,,,,,,,,,,,,,,,,,,,2026-07-31,,,3,,,,,JavaScript SPA - requires headless rendering to crawl.,SEARCH,search,https://apps.customs.gov.kh,headless,2,4,,,,,,,,,,,,,,,
84,Cambodia National Single Window,,CNSW,Digital Platform,e-Service,National,Ministry of Economy and Finance,Ministry of Economy and Finance,https://cnsw.gov.kh,cnsw.gov.kh,,https://cnsw.gov.kh,,Cambodia National Single Window - official web property of the Royal Government of Cambodia.,km|en,Phnom Penh,Phnom Penh,,,,,,,,,,,,,,,,,,,,,,,,,,,,,2026-07-31,,,3,,,,,Candidate domain - verify.,CONVENTION,unconfirmed,https://cnsw.gov.kh,static,2,4,SRC-084,dead,0,https://cnsw.gov.kh,false,false,true,,0,false,true,2000,2026-09-07T09:03:05.304Z,fetch failed,
85,Cambodia Open Data Portal,,,Portal,Open Data,National,Royal Government of Cambodia,,https://data.gov.kh,data.gov.kh,,https://data.gov.kh,,Cambodia Open Data Portal - official web property of the Royal Government of Cambodia.,km|en,Phnom Penh,Phnom Penh,,,,,,,,,,,,,,,,,,,,,,,,,,,,,2026-07-31,,,1,,,,,"Candidate domain - if live, this is the single highest-value structured source for AskGov.",CONVENTION,unconfirmed,https://data.gov.kh,static,2,4,SRC-085,dead,0,https://data.gov.kh,false,false,true,,0,false,true,2000,2026-09-07T09:03:07.393Z,fetch failed,
86,Government Service Portal,,,Portal,Service Portal,National,Royal Government of Cambodia,,https://go.gov.kh,go.gov.kh,,https://go.gov.kh,,Government Service Portal - official web property of the Royal Government of Cambodia.,km|en,Phnom Penh,Phnom Penh,,,,,,,,,,,,,,,,,,,,,,,,,,,,,2026-07-31,,,1,,,,,Named in AskGov project notes as an intended data source.,SEARCH,search,https://go.gov.kh,static,2,4,SRC-086,empty,200,https://go.gov.kh/,false,false,true,go.gov.kh,9,true,true,2000,2026-09-07T09:03:08.998Z,,
87,Sarika,សារិកា,Sarika,Digital Platform,AI Service,National,Ministry of Post and Telecommunications,Ministry of Post and Telecommunications,https://sarika.gov.kh,sarika.gov.kh,,https://sarika.gov.kh,,Sarika - official web property of the Royal Government of Cambodia.,km|en,Phnom Penh,Phnom Penh,,,,,,,,,,,,,,,,,,,,,,,,,,,,,2026-07-31,,,2,,,,,Khmer speech AI platform (DGC). Confirm public domain internally.,CONVENTION,unconfirmed,https://sarika.gov.kh,static,2,4,SRC-087,blocked,0,,false,false,true,,0,true,false,2000,2026-09-07T09:03:13.216Z,,
88,Verify,,Verify,Digital Platform,Credential Verification,National,Ministry of Post and Telecommunications,Ministry of Post and Telecommunications,https://verify.gov.kh,verify.gov.kh,,https://verify.gov.kh,,Verify - official web property of the Royal Government of Cambodia.,km|en,Phnom Penh,Phnom Penh,,,,,,,,,,,,,,,,,,,,,,,,,,,,,2026-07-31,,,2,,,,,DGC credential verification platform. Confirm public domain internally.,CONVENTION,unconfirmed,https://verify.gov.kh,static,2,4,SRC-088,blocked,0,,false,false,true,,0,false,false,2000,2026-09-07T09:03:14.687Z,,robots.txt refused with HTTP 403
89,Phnom Penh Capital Administration,សាលារាជធានីភ្នំពេញ,KH-12,Municipal Administration,Sub-national Administration,Municipal,Ministry of Interior,Ministry of Interior,https://phnompenh.gov.kh,phnompenh.gov.kh,,https://phnompenh.gov.kh,,"Phnom Penh Capital Administration (KH-12), capital Phnom Penh.",km,Phnom Penh,Phnom Penh,,,,,,,,,,,,,,,,,,,,,,,,,,,,,2026-07-31,,,2,,,,,Domain follows the confirmed <province>.gov.kh convention. Ministry of Information is separately standing up official sites for all 25 provincial information departments - re-run discovery after that rollout.,GDT-LINKS,directory,https://phnompenh.gov.kh,static,2,4,SRC-089,blocked,0,,false,false,true,,0,false,false,2000,2026-09-07T09:03:15.231Z,,robots.txt returned a WAF page (F5 BIG-IP ASM rejection page)
90,Banteay Meanchey Provincial Administration,ខេត្តបន្ទាយមានជ័យ,KH-1,Provincial Administration,Sub-national Administration,Provincial,Ministry of Interior,Ministry of Interior,https://banteaymeanchey.gov.kh,banteaymeanchey.gov.kh,,https://banteaymeanchey.gov.kh,,"Banteay Meanchey Provincial Administration (KH-1), capital Serei Saophoan.",km,Banteay Meanchey,Serei Saophoan,,,,,,,,,,,,,,,,,,,,,,,,,,,,,2026-07-31,,,2,,,,,Domain follows the confirmed <province>.gov.kh convention. Ministry of Information is separately standing up official sites for all 25 provincial information departments - re-run discovery after that rollout.,CONVENTION,unconfirmed,https://banteaymeanchey.gov.kh,static,2,4,SRC-090,live,200,https://www.banteaymeanchey.gov.kh/,true,false,true,Banteaymeanchey Home Page KM - រដ្ឋបាលខេត្តបន្ទាយមានជ័យ,4113,true,true,2000,2026-09-07T09:03:17.295Z,,
91,Battambang Provincial Administration,ខេត្តបាត់ដំបង,KH-2,Provincial Administration,Sub-national Administration,Provincial,Ministry of Interior,Ministry of Interior,https://battambang.gov.kh,battambang.gov.kh,,https://battambang.gov.kh,,"Battambang Provincial Administration (KH-2), capital Battambang.",km,Battambang,Battambang,,,,,,,,,,,,,,,,,,,,,,,,,,,,,2026-07-31,,,2,,,,,Domain follows the confirmed <province>.gov.kh convention. Ministry of Information is separately standing up official sites for all 25 provincial information departments - re-run discovery after that rollout.,WIKI-IB,wikipedia,https://battambang.gov.kh,static,2,4,SRC-091,blocked,0,,false,false,true,,0,false,false,2000,2026-09-07T09:03:19.442Z,,robots.txt returned a WAF page (F5 BIG-IP ASM rejection page)
92,Kampong Cham Provincial Administration,ខេត្តកំពង់ចាម,KH-3,Provincial Administration,Sub-national Administration,Provincial,Ministry of Interior,Ministry of Interior,https://kampongcham.gov.kh,kampongcham.gov.kh,,https://kampongcham.gov.kh,,"Kampong Cham Provincial Administration (KH-3), capital Kampong Cham.",km,Kampong Cham,Kampong Cham,,,,,,,,,,,,,,,,,,,,,,,,,,,,,2026-07-31,,,2,,,,,Domain follows the confirmed <province>.gov.kh convention. Ministry of Information is separately standing up official sites for all 25 provincial information departments - re-run discovery after that rollout.,CONVENTION,unconfirmed,https://kampongcham.gov.kh,static,2,4,SRC-092,live,200,https://kampongcham.gov.kh/,false,false,true,Home 1 - Kampong Cham Website,3200,false,true,2000,2026-09-07T09:03:21.521Z,,
93,Kampong Chhnang Provincial Administration,ខេត្តកំពង់ឆ្នាំង,KH-4,Provincial Administration,Sub-national Administration,Provincial,Ministry of Interior,Ministry of Interior,https://kampongchhnang.gov.kh,kampongchhnang.gov.kh,,https://kampongchhnang.gov.kh,,"Kampong Chhnang Provincial Administration (KH-4), capital Kampong Chhnang.",km,Kampong Chhnang,Kampong Chhnang,,,,,,,,,,,,,,,,,,,,,,,,,,,,,2026-07-31,,,2,,,,,Domain follows the confirmed <province>.gov.kh convention. Ministry of Information is separately standing up official sites for all 25 provincial information departments - re-run discovery after that rollout.,CONVENTION,unconfirmed,https://kampongchhnang.gov.kh,static,2,4,SRC-093,live,200,https://kampongchhnang.gov.kh/,false,false,true,Kampongchhnang Home Page (KM) - រដ្ឋបាលខេត្តកំពង់ឆ្នាំង,6703,true,true,2000,2026-09-07T09:03:23.894Z,,
94,Kampong Speu Provincial Administration,ខេត្តកំពង់ស្ពឺ,KH-5,Provincial Administration,Sub-national Administration,Provincial,Ministry of Interior,Ministry of Interior,https://kampongspeu.gov.kh,kampongspeu.gov.kh,,https://kampongspeu.gov.kh,,"Kampong Speu Provincial Administration (KH-5), capital Chbar Mon.",km,Kampong Speu,Chbar Mon,,,,,,,,,,,,,,,,,,,,,,,,,,,,,2026-07-31,,,2,,,,,Domain follows the confirmed <province>.gov.kh convention. Ministry of Information is separately standing up official sites for all 25 provincial information departments - re-run discovery after that rollout.,CONVENTION,unconfirmed,https://kampongspeu.gov.kh,static,2,4,SRC-094,blocked,0,,false,false,true,,0,false,false,2000,2026-09-07T09:03:25.719Z,,robots.txt returned a WAF page (F5 BIG-IP ASM rejection page)
95,Kampong Thom Provincial Administration,ខេត្តកំពង់ធំ,KH-6,Provincial Administration,Sub-national Administration,Provincial,Ministry of Interior,Ministry of Interior,https://kampongthom.gov.kh,kampongthom.gov.kh,,https://kampongthom.gov.kh,,"Kampong Thom Provincial Administration (KH-6), capital Stung Saen.",km,Kampong Thom,Stung Saen,,,,,,,,,,,,,,,,,,,,,,,,,,,,,2026-07-31,,,2,,,,,Domain follows the confirmed <province>.gov.kh convention. Ministry of Information is separately standing up official sites for all 25 provincial information departments - re-run discovery after that rollout.,WIKI-IB,wikipedia,https://kampongthom.gov.kh,static,2,4,SRC-095,blocked,0,,false,false,true,,0,false,false,2000,2026-09-07T09:03:26.090Z,,robots.txt returned a WAF page (F5 BIG-IP ASM rejection page)
96,Kampot Provincial Administration,ខេត្តកំពត,KH-7,Provincial Administration,Sub-national Administration,Provincial,Ministry of Interior,Ministry of Interior,https://kampot.gov.kh,kampot.gov.kh,,https://kampot.gov.kh,,"Kampot Provincial Administration (KH-7), capital Kampot.",km,Kampot,Kampot,,,,,,,,,,,,,,,,,,,,,,,,,,,,,2026-07-31,,,2,,,,,Domain follows the confirmed <province>.gov.kh convention. Ministry of Information is separately standing up official sites for all 25 provincial information departments - re-run discovery after that rollout.,WIKI-IB,wikipedia,https://kampot.gov.kh,static,2,4,SRC-096,live,200,https://kampot.gov.kh/,false,false,true,Kampot Home Page KM - រដ្ឋបាលខេត្តកំពត,5091,true,true,2000,2026-09-07T09:03:27.803Z,,
97,Kandal Provincial Administration,ខេត្តកណ្តាល,KH-8,Provincial Administration,Sub-national Administration,Provincial,Ministry of Interior,Ministry of Interior,https://kandal.gov.kh,kandal.gov.kh,,https://kandal.gov.kh,,"Kandal Provincial Administration (KH-8), capital Ta Khmau.",km,Kandal,Ta Khmau,,,,,,,,,,,,,,,,,,,,,,,,,,,,,2026-07-31,,,2,,,,,Domain follows the confirmed <province>.gov.kh convention. Ministry of Information is separately standing up official sites for all 25 provincial information departments - re-run discovery after that rollout.,CONVENTION,unconfirmed,https://kandal.gov.kh,static,2,4,SRC-097,live,200,https://kandal.gov.kh/,false,false,true,Home Page រដ្ឋបាលខេត្តកណ្តាល - រដ្ឋបាលខេត្តកណ្តាល,5055,true,true,2000,2026-09-07T09:03:28.056Z,,
98,Koh Kong Provincial Administration,ខេត្តកោះកុង,KH-9,Provincial Administration,Sub-national Administration,Provincial,Ministry of Interior,Ministry of Interior,https://kohkong.gov.kh,kohkong.gov.kh,,https://kohkong.gov.kh,,"Koh Kong Provincial Administration (KH-9), capital Khemarak Phoumin.",km,Koh Kong,Khemarak Phoumin,,,,,,,,,,,,,,,,,,,,,,,,,,,,,2026-07-31,,,2,,,,,Domain follows the confirmed <province>.gov.kh convention. Ministry of Information is separately standing up official sites for all 25 provincial information departments - re-run discovery after that rollout.,WIKI-IB,wikipedia,https://kohkong.gov.kh,static,2,4,SRC-098,live,200,https://kohkong.gov.kh/,false,false,true,Koh Kong Province — រដ្ឋបាលខេត្តកោះកុង,7993,false,true,2000,2026-09-07T09:03:28.171Z,,
99,Kratie Provincial Administration,ខេត្តក្រចេះ,KH-10,Provincial Administration,Sub-national Administration,Provincial,Ministry of Interior,Ministry of Interior,https://kratie.gov.kh,kratie.gov.kh,,https://kratie.gov.kh,,"Kratie Provincial Administration (KH-10), capital Kratie.",km,Kratie,Kratie,,,,,,,,,,,,,,,,,,,,,,,,,,,,,2026-07-31,,,2,,,,,Domain follows the confirmed <province>.gov.kh convention. Ministry of Information is separately standing up official sites for all 25 provincial information departments - re-run discovery after that rollout.,WIKI-IB,wikipedia,https://kratie.gov.kh,static,2,4,SRC-099,blocked,0,,false,false,true,,0,false,false,2000,2026-09-07T09:03:30.045Z,,robots.txt returned a WAF page (F5 BIG-IP ASM rejection page)
100,Mondulkiri Provincial Administration,ខេត្តមណ្ឌលគិរី,KH-11,Provincial Administration,Sub-national Administration,Provincial,Ministry of Interior,Ministry of Interior,https://mondulkiri.gov.kh,mondulkiri.gov.kh,,https://mondulkiri.gov.kh,,"Mondulkiri Provincial Administration (KH-11), capital Senmonorom.",km,Mondulkiri,Senmonorom,,,,,,,,,,,,,,,,,,,,,,,,,,,,,2026-07-31,,,2,,,,,Domain follows the confirmed <province>.gov.kh convention. Ministry of Information is separately standing up official sites for all 25 provincial information departments - re-run discovery after that rollout.,CONVENTION,unconfirmed,https://mondulkiri.gov.kh,static,2,4,SRC-100,blocked,0,,false,false,true,,0,false,false,2000,2026-09-07T09:03:30.081Z,,robots.txt returned a WAF page (F5 BIG-IP ASM rejection page)
101,Preah Vihear Provincial Administration,ខេត្តព្រះវិហារ,KH-13,Provincial Administration,Sub-national Administration,Provincial,Ministry of Interior,Ministry of Interior,https://preahvihear.gov.kh,preahvihear.gov.kh,,https://preahvihear.gov.kh,,"Preah Vihear Provincial Administration (KH-13), capital Preah Vihear.",km,Preah Vihear,Preah Vihear,,,,,,,,,,,,,,,,,,,,,,,,,,,,,2026-07-31,,,2,,,,,Domain follows the confirmed <province>.gov.kh convention. Ministry of Information is separately standing up official sites for all 25 provincial information departments - re-run discovery after that rollout.,CONVENTION,unconfirmed,https://preahvihear.gov.kh,static,2,4,SRC-101,blocked,0,,false,false,true,,0,false,false,2000,2026-09-07T09:03:32.094Z,,robots.txt returned a WAF page (F5 BIG-IP ASM rejection page)
102,Prey Veng Provincial Administration,ខេត្តព្រៃវែង,KH-14,Provincial Administration,Sub-national Administration,Provincial,Ministry of Interior,Ministry of Interior,https://preyveng.gov.kh,preyveng.gov.kh,,https://preyveng.gov.kh,,"Prey Veng Provincial Administration (KH-14), capital Prey Veng.",km,Prey Veng,Prey Veng,,,,,,,,,,,,,,,,,,,,,,,,,,,,,2026-07-31,,,2,,,,,Domain follows the confirmed <province>.gov.kh convention. Ministry of Information is separately standing up official sites for all 25 provincial information departments - re-run discovery after that rollout.,CONVENTION,unconfirmed,https://preyveng.gov.kh,static,2,4,SRC-102,blocked,0,,false,false,true,,0,false,false,2000,2026-09-07T09:03:32.172Z,,robots.txt returned a WAF page (F5 BIG-IP ASM rejection page)
103,Pursat Provincial Administration,ខេត្តពោធិ៍សាត់,KH-15,Provincial Administration,Sub-national Administration,Provincial,Ministry of Interior,Ministry of Interior,https://pursat.gov.kh,pursat.gov.kh,,https://pursat.gov.kh,,"Pursat Provincial Administration (KH-15), capital Pursat.",km,Pursat,Pursat,,,,,,,,,,,,,,,,,,,,,,,,,,,,,2026-07-31,,,2,,,,,Domain follows the confirmed <province>.gov.kh convention. Ministry of Information is separately standing up official sites for all 25 provincial information departments - re-run discovery after that rollout.,CONVENTION,unconfirmed,https://pursat.gov.kh,static,2,4,SRC-103,blocked,0,,false,false,true,,0,false,false,2000,2026-09-07T09:03:32.672Z,,robots.txt returned a WAF page (F5 BIG-IP ASM rejection page)
104,Ratanakiri Provincial Administration,ខេត្តរតនគិរី,KH-16,Provincial Administration,Sub-national Administration,Provincial,Ministry of Interior,Ministry of Interior,https://ratanakiri.gov.kh,ratanakiri.gov.kh,,https://ratanakiri.gov.kh,,"Ratanakiri Provincial Administration (KH-16), capital Banlung.",km,Ratanakiri,Banlung,,,,,,,,,,,,,,,,,,,,,,,,,,,,,2026-07-31,,,2,,,,,Domain follows the confirmed <province>.gov.kh convention. Ministry of Information is separately standing up official sites for all 25 provincial information departments - re-run discovery after that rollout.,CONVENTION,unconfirmed,https://ratanakiri.gov.kh,static,2,4,SRC-104,blocked,0,,false,false,true,,0,false,false,2000,2026-09-07T09:03:34.000Z,,robots.txt returned a WAF page (F5 BIG-IP ASM rejection page)
105,Siem Reap Provincial Administration,ខេត្តសៀមរាប,KH-17,Provincial Administration,Sub-national Administration,Provincial,Ministry of Interior,Ministry of Interior,https://siemreap.gov.kh,siemreap.gov.kh,,https://siemreap.gov.kh,,"Siem Reap Provincial Administration (KH-17), capital Siem Reap.",km,Siem Reap,Siem Reap,,,,,,,,,,,,,,,,,,,,,,,,,,,,,2026-07-31,,,2,,,,,Domain follows the confirmed <province>.gov.kh convention. Ministry of Information is separately standing up official sites for all 25 provincial information departments - re-run discovery after that rollout.,CONVENTION,unconfirmed,https://siemreap.gov.kh,static,2,4,SRC-105,blocked,0,,false,false,true,,0,false,false,2000,2026-09-07T09:03:34.138Z,,robots.txt returned a WAF page (F5 BIG-IP ASM rejection page)
106,Preah Sihanouk Provincial Administration,ខេត្តព្រះសីហនុ,KH-18,Provincial Administration,Sub-national Administration,Provincial,Ministry of Interior,Ministry of Interior,https://sihanoukville.gov.kh,sihanoukville.gov.kh,,https://sihanoukville.gov.kh,,"Preah Sihanouk Provincial Administration (KH-18), capital Sihanoukville.",km,Preah Sihanouk,Sihanoukville,,,,,,,,,,,,,,,,,,,,,,,,,,,,,2026-07-31,,,2,,,,,Domain follows the confirmed <province>.gov.kh convention. Ministry of Information is separately standing up official sites for all 25 provincial information departments - re-run discovery after that rollout.,WIKI-IB,wikipedia,https://sihanoukville.gov.kh,static,2,4,SRC-106,blocked,0,,false,false,true,,0,false,false,2000,2026-09-07T09:03:34.243Z,,robots.txt returned a WAF page (F5 BIG-IP ASM rejection page)
107,Stung Treng Provincial Administration,ខេត្តស្ទឹងត្រែង,KH-19,Provincial Administration,Sub-national Administration,Provincial,Ministry of Interior,Ministry of Interior,https://stungtreng.gov.kh,stungtreng.gov.kh,,https://stungtreng.gov.kh,,"Stung Treng Provincial Administration (KH-19), capital Stung Treng.",km,Stung Treng,Stung Treng,,,,,,,,,,,,,,,,,,,,,,,,,,,,,2026-07-31,,,2,,,,,Domain follows the confirmed <province>.gov.kh convention. Ministry of Information is separately standing up official sites for all 25 provincial information departments - re-run discovery after that rollout.,CONVENTION,unconfirmed,https://stungtreng.gov.kh,static,2,4,SRC-107,blocked,0,,false,false,true,,0,false,false,2000,2026-09-07T09:03:34.316Z,,robots.txt returned a WAF page (F5 BIG-IP ASM rejection page)
108,Svay Rieng Provincial Administration,ខេត្តស្វាយរៀង,KH-20,Provincial Administration,Sub-national Administration,Provincial,Ministry of Interior,Ministry of Interior,https://svayrieng.gov.kh,svayrieng.gov.kh,,https://svayrieng.gov.kh,,"Svay Rieng Provincial Administration (KH-20), capital Svay Rieng.",km,Svay Rieng,Svay Rieng,,,,,,,,,,,,,,,,,,,,,,,,,,,,,2026-07-31,,,2,,,,,Domain follows the confirmed <province>.gov.kh convention. Ministry of Information is separately standing up official sites for all 25 provincial information departments - re-run discovery after that rollout.,CONVENTION,unconfirmed,https://svayrieng.gov.kh,static,2,4,SRC-108,blocked,0,,false,false,true,,0,false,false,2000,2026-09-07T09:03:34.732Z,,robots.txt returned a WAF page (F5 BIG-IP ASM rejection page)
109,Takeo Provincial Administration,ខេត្តតាកែវ,KH-21,Provincial Administration,Sub-national Administration,Provincial,Ministry of Interior,Ministry of Interior,https://takeo.gov.kh,takeo.gov.kh,,https://takeo.gov.kh,,"Takeo Provincial Administration (KH-21), capital Doun Kaev.",km,Takeo,Doun Kaev,,,,,,,,,,,,,,,,,,,,,,,,,,,,,2026-07-31,,,2,,,,,Domain follows the confirmed <province>.gov.kh convention. Ministry of Information is separately standing up official sites for all 25 provincial information departments - re-run discovery after that rollout.,CONVENTION,unconfirmed,https://takeo.gov.kh,static,2,4,SRC-109,blocked,0,,false,false,true,,0,false,false,2000,2026-09-07T09:03:36.087Z,,robots.txt returned a WAF page (F5 BIG-IP ASM rejection page)
110,Oddar Meanchey Provincial Administration,ខេត្តឧត្តរមានជ័យ,KH-22,Provincial Administration,Sub-national Administration,Provincial,Ministry of Interior,Ministry of Interior,https://oddarmeanchey.gov.kh,oddarmeanchey.gov.kh,,https://oddarmeanchey.gov.kh,,"Oddar Meanchey Provincial Administration (KH-22), capital Samraong.",km,Oddar Meanchey,Samraong,,,,,,,,,,,,,,,,,,,,,,,,,,,,,2026-07-31,,,2,,,,,Domain follows the confirmed <province>.gov.kh convention. Ministry of Information is separately standing up official sites for all 25 provincial information departments - re-run discovery after that rollout.,CONVENTION,unconfirmed,https://oddarmeanchey.gov.kh,static,2,4,SRC-110,blocked,0,,false,false,true,,0,false,false,2000,2026-09-07T09:03:36.207Z,,robots.txt returned a WAF page (F5 BIG-IP ASM rejection page)
111,Kep Provincial Administration,ខេត្តកែប,KH-23,Provincial Administration,Sub-national Administration,Provincial,Ministry of Interior,Ministry of Interior,https://kep.gov.kh,kep.gov.kh,,https://kep.gov.kh,,"Kep Provincial Administration (KH-23), capital Kep.",km,Kep,Kep,,,,,,,,,,,,,,,,,,,,,,,,,,,,,2026-07-31,,,2,,,,,Domain follows the confirmed <province>.gov.kh convention. Ministry of Information is separately standing up official sites for all 25 provincial information departments - re-run discovery after that rollout.,CONVENTION,unconfirmed,https://kep.gov.kh,static,2,4,SRC-111,blocked,0,,false,false,true,,0,false,false,2000,2026-09-07T09:03:36.319Z,,robots.txt returned a WAF page (F5 BIG-IP ASM rejection page)
112,Pailin Provincial Administration,ខេត្តប៉ៃលិន,KH-24,Provincial Administration,Sub-national Administration,Provincial,Ministry of Interior,Ministry of Interior,https://pailin.gov.kh,pailin.gov.kh,,https://pailin.gov.kh,,"Pailin Provincial Administration (KH-24), capital Pailin.",km,Pailin,Pailin,,,,,,,,,,,,,,,,,,,,,,,,,,,,,2026-07-31,,,2,,,,,Domain follows the confirmed <province>.gov.kh convention. Ministry of Information is separately standing up official sites for all 25 provincial information departments - re-run discovery after that rollout.,CONVENTION,unconfirmed,https://pailin.gov.kh,static,2,4,SRC-112,live,200,https://pailin.gov.kh/,false,false,true,Pailin Home Page (KM) - រដ្ឋបាលខេត្តប៉ៃលិន,5052,true,true,2000,2026-09-07T09:03:36.383Z,,
113,Tboung Khmum Provincial Administration,ខេត្តត្បូងឃ្មុំ,KH-25,Provincial Administration,Sub-national Administration,Provincial,Ministry of Interior,Ministry of Interior,https://tboungkhmum.gov.kh,tboungkhmum.gov.kh,,https://tboungkhmum.gov.kh,,"Tboung Khmum Provincial Administration (KH-25), capital Suong.",km,Tboung Khmum,Suong,,,,,,,,,,,,,,,,,,,,,,,,,,,,,2026-07-31,,,2,,,,,Domain follows the confirmed <province>.gov.kh convention. Ministry of Information is separately standing up official sites for all 25 provincial information departments - re-run discovery after that rollout.,WIKI-IB,wikipedia,https://tboungkhmum.gov.kh,static,2,4,SRC-113,live,200,https://www.tboungkhmum.gov.kh/,true,false,true,Tboungkhmum Home Page KM - រដ្ឋបាលខេត្តត្បូងឃ្មុំ,5220,true,true,2000,2026-09-07T09:03:36.822Z,,
114,Royal University of Phnom Penh,សាកលវិទ្យាល័យភូមិន្ទភ្នំពេញ,RUPP,University,Public Higher Education Institution,National,"Ministry of Education, Youth and Sport","Ministry of Education, Youth and Sport",https://rupp.edu.kh,rupp.edu.kh,,https://rupp.edu.kh,,"Royal University of Phnom Penh - public higher education institution under Ministry of Education, Youth and Sport.",km|en,Phnom Penh,Phnom Penh,,,,,,,,,,,,,,,,,,,,,,,,,,,,,2026-07-31,,,3,,,,,"Public HEIs use .edu.kh, not .gov.kh. Ownership is public but the TLD is not a reliable officiality signal - verify accreditation against the MoEYS register.",SEARCH,search,https://rupp.edu.kh,static,2,4,SRC-114,live,200,https://rupp.edu.kh/,false,false,true,RUPP,16071,true,true,2000,2026-09-07T09:03:38.165Z,,
115,Institute of Technology of Cambodia,វិទ្យាស្ថានបច្ចេកវិទ្យាកម្ពុជា,ITC,University,Public Higher Education Institution,National,"Ministry of Education, Youth and Sport","Ministry of Education, Youth and Sport",https://itc.edu.kh,itc.edu.kh,,https://itc.edu.kh,,"Institute of Technology of Cambodia - public higher education institution under Ministry of Education, Youth and Sport.",km|en,Phnom Penh,Phnom Penh,,,,,,,,,,,,,,,,,,,,,,,,,,,,,2026-07-31,,,3,,,,,"Public HEIs use .edu.kh, not .gov.kh. Ownership is public but the TLD is not a reliable officiality signal - verify accreditation against the MoEYS register.",SEARCH,search,https://itc.edu.kh,static,2,4,SRC-115,live,200,https://itc.edu.kh/,false,false,true,INSTITUTE OF TECHNOLOGY OF CAMBODIA – សាលាតិចណូ,9752,true,true,2000,2026-09-07T09:03:38.263Z,,
116,National University of Management,សាកលវិទ្យាល័យជាតិគ្រប់គ្រង,NUM,University,Public Higher Education Institution,National,"Ministry of Education, Youth and Sport","Ministry of Education, Youth and Sport",https://num.edu.kh,num.edu.kh,,https://num.edu.kh,,"National University of Management - public higher education institution under Ministry of Education, Youth and Sport.",km|en,Phnom Penh,Phnom Penh,,,,,,,,,,,,,,,,,,,,,,,,,,,,,2026-07-31,,,3,,,,,"Public HEIs use .edu.kh, not .gov.kh. Ownership is public but the TLD is not a reliable officiality signal - verify accreditation against the MoEYS register.",SEARCH,search,https://num.edu.kh,static,2,4,SRC-116,redirect,200,https://numuniversity.com/,true,true,true,NUM – National University of Management,9917,false,true,2000,2026-09-07T09:03:38.405Z,,
117,Royal University of Agriculture,សាកលវិទ្យាល័យភូមិន្ទកសិកម្ម,RUA,University,Public Higher Education Institution,National,"Ministry of Agriculture, Forestry and Fisheries","Ministry of Agriculture, Forestry and Fisheries",https://rua.edu.kh,rua.edu.kh,,https://rua.edu.kh,,"Royal University of Agriculture - public higher education institution under Ministry of Agriculture, Forestry and Fisheries.",km|en,Phnom Penh,Phnom Penh,,,,,,,,,,,,,,,,,,,,,,,,,,,,,2026-07-31,,,3,,,,,"Public HEIs use .edu.kh, not .gov.kh. Ownership is public but the TLD is not a reliable officiality signal - verify accreditation against the MoEYS register.",WIKI-IB,wikipedia,https://rua.edu.kh,static,2,4,SRC-117,live,200,https://rua.edu.kh/,false,false,true,Royal University of Agriculture,13359,true,true,2000,2026-09-07T09:03:42.584Z,,
118,Royal University of Law and Economics,សាកលវិទ្យាល័យភូមិន្ទនីតិសាស្ត្រ និងវិទ្យាសាស្ត្រសេដ្ឋកិច្ច,RULE,University,Public Higher Education Institution,National,"Ministry of Education, Youth and Sport","Ministry of Education, Youth and Sport",https://rule.edu.kh,rule.edu.kh,,https://rule.edu.kh,,"Royal University of Law and Economics - public higher education institution under Ministry of Education, Youth and Sport.",km|en,Phnom Penh,Phnom Penh,,,,,,,,,,,,,,,,,,,,,,,,,,,,,2026-07-31,,,3,,,,,"Public HEIs use .edu.kh, not .gov.kh. Ownership is public but the TLD is not a reliable officiality signal - verify accreditation against the MoEYS register.",SEARCH,search,https://rule.edu.kh,static,2,4,SRC-118,live,200,https://rule.edu.kh/,false,false,true,Home - Royal University of Law and Economics,3964,false,true,2000,2026-09-07T09:03:42.697Z,,robots.txt served a non-robots body; treated as absent
119,University of Health Sciences,សាកលវិទ្យាល័យវិទ្យាសាស្ត្រសុខាភិបាល,UHS,University,Public Higher Education Institution,National,Ministry of Health,Ministry of Health,https://uhs.edu.kh,uhs.edu.kh,,https://uhs.edu.kh,,University of Health Sciences - public higher education institution under Ministry of Health.,km|en,Phnom Penh,Phnom Penh,,,,,,,,,,,,,,,,,,,,,,,,,,,,,2026-07-31,,,3,,,,,"Public HEIs use .edu.kh, not .gov.kh. Ownership is public but the TLD is not a reliable officiality signal - verify accreditation against the MoEYS register.",SEARCH,search,https://uhs.edu.kh,static,2,4,SRC-119,live,200,https://uhs.edu.kh/,false,false,true,UHS WEBSITE,6988,true,true,10000,2026-09-07T09:03:42.807Z,,
120,Svay Rieng University,សាកលវិទ្យាល័យស្វាយរៀង,SRU,University,Public Higher Education Institution,National,"Ministry of Education, Youth and Sport","Ministry of Education, Youth and Sport",https://sru.edu.kh,sru.edu.kh,,https://sru.edu.kh,,"Svay Rieng University - public higher education institution under Ministry of Education, Youth and Sport.",km|en,Svay Rieng,Svay Rieng,,,,,,,,,,,,,,,,,,,,,,,,,,,,,2026-07-31,,,3,,,,,"Public HEIs use .edu.kh, not .gov.kh. Ownership is public but the TLD is not a reliable officiality signal - verify accreditation against the MoEYS register.",SEARCH,search,https://sru.edu.kh,static,2,4,SRC-120,blocked,0,,false,false,true,,0,false,false,2000,2026-09-07T09:03:44.109Z,,robots.txt refused with HTTP 403
121,"National Institute of Posts, Telecoms and ICT",វិទ្យាស្ថានជាតិប្រៃសណីយ៍ ទូរគមនាគមន៍ និងបច្ចេកវិទ្យាព័ត៌មាន,NIPTICT,University,Public Higher Education Institution,National,Ministry of Post and Telecommunications,Ministry of Post and Telecommunications,https://niptict.edu.kh,niptict.edu.kh,,https://niptict.edu.kh,,"National Institute of Posts, Telecoms and ICT - public higher education institution under Ministry of Post and Telecommunications.",km|en,Phnom Penh,Phnom Penh,,,,,,,,,,,,,,,,,,,,,,,,,,,,,2026-07-31,,,3,,,,,"Public HEIs use .edu.kh, not .gov.kh. Ownership is public but the TLD is not a reliable officiality signal - verify accreditation against the MoEYS register.",SEARCH,search,https://niptict.edu.kh,static,2,4,SRC-121,dead,0,https://niptict.edu.kh,false,false,true,,0,false,true,2000,2026-09-07T09:03:45.547Z,fetch failed,
122,Cambodia Academy of Digital Technology,បណ្ឌិត្យសភាបច្ចេកវិទ្យាឌីជីថលកម្ពុជា,CADT,University,Public Higher Education Institution,National,Ministry of Post and Telecommunications,Ministry of Post and Telecommunications,https://cadt.edu.kh,cadt.edu.kh,,https://cadt.edu.kh,,Cambodia Academy of Digital Technology - public higher education institution under Ministry of Post and Telecommunications.,km|en,Phnom Penh,Phnom Penh,,,,,,,,,,,,,,,,,,,,,,,,,,,,,2026-07-31,,,3,,,,,"Public HEIs use .edu.kh, not .gov.kh. Ownership is public but the TLD is not a reliable officiality signal - verify accreditation against the MoEYS register.",CONVENTION,unconfirmed,https://cadt.edu.kh,static,2,4,SRC-122,live,200,https://cadt.edu.kh/,false,false,true,CADT - Cambodia Academy of Digital Technology,6448,true,true,2000,2026-09-07T09:03:46.171Z,,
123,National University of Battambang,សាកលវិទ្យាល័យជាតិបាត់ដំបង,NUBB,University,Public Higher Education Institution,National,"Ministry of Education, Youth and Sport","Ministry of Education, Youth and Sport",https://nubb.edu.kh,nubb.edu.kh,,https://nubb.edu.kh,,"National University of Battambang - public higher education institution under Ministry of Education, Youth and Sport.",km|en,Battambang,Battambang,,,,,,,,,,,,,,,,,,,,,,,,,,,,,2026-07-31,,,3,,,,,"Public HEIs use .edu.kh, not .gov.kh. Ownership is public but the TLD is not a reliable officiality signal - verify accreditation against the MoEYS register.",CONVENTION,unconfirmed,https://nubb.edu.kh,static,2,4,SRC-123,blocked,0,,false,false,true,,0,false,false,2000,2026-09-07T09:03:47.120Z,,robots.txt refused with HTTP 403
124,National Technical Training Institute,វិទ្យាស្ថានជាតិបណ្តុះបណ្តាលបច្ចេកទេស,NTTI,University,Public Higher Education Institution,National,Ministry of Labour and Vocational Training,Ministry of Labour and Vocational Training,https://ntti.edu.kh,ntti.edu.kh,,https://ntti.edu.kh,,National Technical Training Institute - public higher education institution under Ministry of Labour and Vocational Training.,km|en,Phnom Penh,Phnom Penh,,,,,,,,,,,,,,,,,,,,,,,,,,,,,2026-07-31,,,3,,,,,"Public HEIs use .edu.kh, not .gov.kh. Ownership is public but the TLD is not a reliable officiality signal - verify accreditation against the MoEYS register.",CONVENTION,unconfirmed,https://ntti.edu.kh,static,2,4,SRC-124,live,200,https://ntti.edu.kh/,false,false,true,National Technical Training Institute,8578,false,true,2000,2026-09-07T09:03:48.279Z,,
125,Calmette Hospital,មន្ទីរពេទ្យកាល់ម៉ែត,,Hospital,National Referral Hospital,National,Ministry of Health,Ministry of Health,https://calmette.gov.kh,calmette.gov.kh,,https://calmette.gov.kh,,"Calmette Hospital, national referral hospital under the Ministry of Health.",km,Phnom Penh,Phnom Penh,,,,,,,,,,,,,,,,,,,,,,,,,,,,,2026-07-31,,,3,,,,,Candidate domain only. Most Cambodian national hospitals have no independent site and are represented as pages under moh.gov.kh - confirm before crawling.,CONVENTION,unconfirmed,https://calmette.gov.kh,static,2,4,SRC-125,live,200,https://www.calmette.gov.kh/,true,false,true,Calmette Hospital | University Hospital in Cambodia,7704,true,true,2000,2026-09-07T09:03:49.326Z,,
126,Khmer-Soviet Friendship Hospital,មន្ទីរពេទ្យមិត្តភាពខ្មែរ-សូវៀត,,Hospital,National Referral Hospital,National,Ministry of Health,Ministry of Health,https://kshospital.gov.kh,kshospital.gov.kh,,https://kshospital.gov.kh,,"Khmer-Soviet Friendship Hospital, national referral hospital under the Ministry of Health.",km,Phnom Penh,Phnom Penh,,,,,,,,,,,,,,,,,,,,,,,,,,,,,2026-07-31,,,3,,,,,Candidate domain only. Most Cambodian national hospitals have no independent site and are represented as pages under moh.gov.kh - confirm before crawling.,CONVENTION,unconfirmed,https://kshospital.gov.kh,static,2,4,SRC-126,dead,0,https://kshospital.gov.kh,false,false,true,,0,false,true,2000,2026-09-07T09:03:52.566Z,fetch failed,
127,National Pediatric Hospital,មន្ទីរពេទ្យកុមារជាតិ,,Hospital,National Referral Hospital,National,Ministry of Health,Ministry of Health,https://nph.gov.kh,nph.gov.kh,,https://nph.gov.kh,,"National Pediatric Hospital, national referral hospital under the Ministry of Health.",km,Phnom Penh,Phnom Penh,,,,,,,,,,,,,,,,,,,,,,,,,,,,,2026-07-31,,,3,,,,,Candidate domain only. Most Cambodian national hospitals have no independent site and are represented as pages under moh.gov.kh - confirm before crawling.,CONVENTION,unconfirmed,https://nph.gov.kh,static,2,4,SRC-127,dead,0,https://nph.gov.kh,false,false,true,,0,false,true,2000,2026-09-07T09:03:52.579Z,fetch failed,
128,Preah Kossamak Hospital,មន្ទីរពេទ្យព្រះកុសុមៈ,,Hospital,National Referral Hospital,National,Ministry of Health,Ministry of Health,https://kossamak.gov.kh,kossamak.gov.kh,,https://kossamak.gov.kh,,"Preah Kossamak Hospital, national referral hospital under the Ministry of Health.",km,Phnom Penh,Phnom Penh,,,,,,,,,,,,,,,,,,,,,,,,,,,,,2026-07-31,,,3,,,,,Candidate domain only. Most Cambodian national hospitals have no independent site and are represented as pages under moh.gov.kh - confirm before crawling.,CONVENTION,unconfirmed,https://kossamak.gov.kh,static,2,4,SRC-128,dead,0,https://kossamak.gov.kh,false,false,true,,0,false,true,2000,2026-09-07T09:03:55.923Z,fetch failed,
129,National Maternal and Child Health Center,មជ្ឈមណ្ឌលជាតិគាំពារមាតា និងទារក,,Hospital,National Referral Hospital,National,Ministry of Health,Ministry of Health,https://nmchc.gov.kh,nmchc.gov.kh,,https://nmchc.gov.kh,,"National Maternal and Child Health Center, national referral hospital under the Ministry of Health.",km,Phnom Penh,Phnom Penh,,,,,,,,,,,,,,,,,,,,,,,,,,,,,2026-07-31,,,3,,,,,Candidate domain only. Most Cambodian national hospitals have no independent site and are represented as pages under moh.gov.kh - confirm before crawling.,CONVENTION,unconfirmed,https://nmchc.gov.kh,static,2,4,SRC-129,live,200,https://nmchc.gov.kh/,false,false,true,ទំព័រដើម - មជ្ឈមណ្ឌលជាតិគាំពារមាតា និងទារក,3323,true,true,2000,2026-09-07T09:03:56.578Z,,
130,National Institute of Public Health,វិទ្យាស្ថានជាតិសុខភាពសាធារណៈ,,Hospital,National Referral Hospital,National,Ministry of Health,Ministry of Health,https://niph.gov.kh,niph.gov.kh,,https://niph.gov.kh,,"National Institute of Public Health, national referral hospital under the Ministry of Health.",km,Phnom Penh,Phnom Penh,,,,,,,,,,,,,,,,,,,,,,,,,,,,,2026-07-31,,,3,,,,,Candidate domain only. Most Cambodian national hospitals have no independent site and are represented as pages under moh.gov.kh - confirm before crawling.,CONVENTION,unconfirmed,https://niph.gov.kh,static,2,4,SRC-130,dead,0,https://niph.gov.kh,false,false,true,,0,false,true,2000,2026-09-07T09:04:01.207Z,fetch failed,
131,Public Service Information Portal,ច្រកទ្វារអេឡិចត្រូនិកផ្ដល់ព័ត៌មានសេវាសាធារណៈ,,Portal,Central Government,National,Council for Administrative Reform,Ministry of Civil Service,https://www.service.gov.kh,service.gov.kh,www,https://www.service.gov.kh,ច្រកទ្វារអេឡិចត្រូនិកផ្ដល់ព័ត៌មានសេវាសាធារណៈ,"National public-service information portal indexing government procedures by ministry, by group and in full.",km,Phnom Penh,Phnom Penh,,,,,,,,,,,,,,,,,true,,,,,,,,,,,2026-09-07,,waf-blocked,,1,,,,,"National public-service information portal; the closest existing analogue to AskGov's corpus and a priority acquisition target. Homepage observed 2026-09-07; ownership from site banner (Ministry of Civil Service + Council for Administrative Reform). NOT CRAWLABLE: WAF rejects automated fetches and returns HTTP 200 with a 266-byte 'Request Rejected' page, so status code alone is misleading (FR-48); robots.txt also blocked, so NFR-15 delays cannot be read; TLS certificate CN=www.preyveng.gov.kh. Obtain access via the owning institution (Mode B, section 2.6).",SEARCH,search,https://www.service.gov.kh,static,2,4,SRC-131,blocked,0,,false,false,true,,0,false,false,2000,2026-09-07T09:04:08.152Z,,robots.txt returned a WAF page (F5 BIG-IP ASM rejection page)
132,MISTI Online Services Portal,ច្រកសេវាអនឡាញ ក្រសួងឧស្សាហកម្ម វិទ្យាសាស្ត្រ បច្ចេកវិទ្យា និងនវានុវត្តន៍,,Digital Platform,e-Service,National,"Ministry of Industry, Science, Technology and Innovation","Ministry of Industry, Science, Technology and Innovation",https://services.misti.gov.kh,misti.gov.kh,services,https://services.misti.gov.kh,,MISTI Online Services Portal - official web property of the Royal Government of Cambodia.,km|en,Phnom Penh,Phnom Penh,,,,,,,,,,,,,,,,,,,,,,,,,TRUE,https://services-api.misti.gov.kh/api/v1,,2026-09-07,,login-walled,,3,,,,,"Vue/webpack SPA; every path including /robots.txt returns the same 2.5KB shell with HTTP 200 (catch-all router). JSON backend services-api.misti.gov.kh/api/v1 answers {""status"":""fail""} to every anonymously probed endpoint - transactional and login-walled, no public content to crawl. Monitored for the day a public catalogue endpoint appears. Observed 2026-09-07.",SEARCH,search,https://services.misti.gov.kh,static,2,4,SRC-132,empty,200,https://services.misti.gov.kh/,false,false,true,DIGITAL PUBLIC SERVICE SYSTEM,29,false,true,2000,2026-09-07T09:04:10.224Z,,robots.txt served a non-robots body; treated as absent
