registryId,sourceId,org,host,priority,claimed,outcome,httpStatus,finalUrl,redirected,offHost,https,homepageTitle,textLength,robotsExists,robotsAllowsUs,crawlDelayMs,checkedAt,error
1,SRC-001,Royal Government of Cambodia (National Portal),cambodia.gov.kh,1,search,empty,200,https://cambodia.gov.kh/,false,false,true,,0,false,true,2000,2026-07-31T06:49:20.403Z,
2,SRC-002,Office of the Council of Ministers - Press and Quick Reaction Unit,pressocm.gov.kh,1,directory,empty,200,https://pressocm.gov.kh/,false,false,true,,0,true,true,2000,2026-07-31T06:49:20.404Z,
3,SRC-003,Office of the Council of Ministers,ocm.gov.kh,1,unconfirmed,live,200,https://www.ocm.gov.kh/,true,false,true,ទីស្តីការគណៈរដ្ឋមន្ត្រី – Office of the Council of Ministers,8198,true,true,2000,2026-07-31T06:49:20.404Z,
4,SRC-004,The King of the Kingdom of Cambodia,norodomsihamoni.org,3,directory,live,200,https://norodomsihamoni.org/,false,false,true,His Majesty King Norodom Sihamoni - Home,357,true,true,2000,2026-07-31T06:49:20.404Z,
5,SRC-005,National Assembly of the Kingdom of Cambodia,national-assembly.org.kh,1,directory,dead,0,https://national-assembly.org.kh,false,false,true,,0,false,true,2000,2026-07-31T06:49:20.404Z,fetch failed
6,SRC-006,Senate of the Kingdom of Cambodia,senate.gov.kh,1,directory,live,200,https://senate.gov.kh/,false,false,true,គេហទំព័រ ព្រឹទ្ធសភា នៃព្រះរាជាណាចក្រកម្ពុជា,6470,true,true,2000,2026-07-31T06:49:20.404Z,
7,SRC-007,Constitutional Council of Cambodia,ccc.gov.kh,1,directory,empty,200,https://ccc.gov.kh/,false,false,true,Request Rejected,155,true,true,2000,2026-07-31T06:49:24.438Z,
8,SRC-008,Supreme Court of Cambodia,supremecourt.gov.kh,1,directory,live,200,https://supremecourt.gov.kh/,false,false,true,ទំព័រដើម - Supreme Court and Prosecutor,1515,true,true,2000,2026-07-31T06:49:24.996Z,
9,SRC-009,Extraordinary Chambers in the Courts of Cambodia,eccc.gov.kh,2,directory,live,200,https://eccc.gov.kh/,false,false,true,ទំព័រដើម - អ.វ.ត.ក.,6850,true,true,2000,2026-07-31T06:49:25.009Z,
10,SRC-010,Supreme Council of Magistracy,scm.gov.kh,2,unconfirmed,empty,200,https://scm.gov.kh/,false,false,true,SCM,18,false,true,2000,2026-07-31T06:49:25.089Z,
11,SRC-011,Appeal Court of Cambodia,appealcourt.gov.kh,3,unconfirmed,dead,0,https://appealcourt.gov.kh,false,false,true,,0,false,true,2000,2026-07-31T06:49:25.668Z,fetch failed
12,SRC-012,National Election Committee,nec.gov.kh,1,directory,live,200,https://www.nec.gov.kh/khmer/,true,false,true,ទំព័រដើម | គណៈកម្មាធិការជាតិរៀបចំការបោះឆ្នោត (គ.ជ.ប),4978,true,true,10000,2026-07-31T06:49:29.066Z,
13,SRC-013,Anti-Corruption Unit,acu.gov.kh,2,unconfirmed,live,200,https://acu.gov.kh/,false,false,true,Untitled Document,2472,true,true,2000,2026-07-31T06:49:29.382Z,
14,SRC-014,National Audit Authority,naa.gov.kh,2,unconfirmed,dead,0,https://naa.gov.kh,false,false,true,,0,false,true,2000,2026-07-31T06:49:30.043Z,fetch failed
15,SRC-015,Ministry of Interior,interior.gov.kh,1,directory,live,200,https://interior.gov.kh/,false,false,true,ទំព័រដើម | ក្រសួងមហាផ្ទៃ,1212,true,true,2000,2026-07-31T06:49:30.128Z,
16,SRC-016,Ministry of National Defence,mod.gov.kh,2,directory,blocked,0,,false,false,true,,0,false,false,2000,2026-07-31T06:49:33.449Z,
17,SRC-017,Ministry of Foreign Affairs and International Cooperation,mfaic.gov.kh,1,directory,empty,200,https://mfaic.gov.kh/,false,false,true,Request Rejected,154,true,true,2000,2026-07-31T06:49:34.201Z,
18,SRC-018,Ministry of Economy and Finance,mef.gov.kh,1,directory,blocked,0,,false,false,true,,0,false,false,2000,2026-07-31T06:49:35.505Z,
19,SRC-019,"Ministry of Agriculture, Forestry and Fisheries",maff.gov.kh,1,directory,live,200,https://maff.gov.kh/,false,false,true,ក្រសួងកសិកម្ម រុក្ខាប្រមាញ់ និងនេសាទ - ទំព័រដើម,5389,true,true,2000,2026-07-31T06:49:37.678Z,
20,SRC-020,Ministry of Rural Development,mrd.gov.kh,2,directory,dead,0,https://mrd.gov.kh,false,false,true,,0,false,true,2000,2026-07-31T06:49:38.321Z,fetch failed
21,SRC-021,Ministry of Commerce,moc.gov.kh,1,directory,live,200,https://moc.gov.kh/kh,true,false,true,ក្រសួងពាណិជ្ជកម្ម | moc.gov.kh,1465,true,true,2000,2026-07-31T06:49:41.617Z,
22,SRC-022,Ministry of Mines and Energy,mme.gov.kh,2,directory,live,200,https://mme.gov.kh/,false,false,true,Home: Ministry of Mines and Energy,5555,true,true,2000,2026-07-31T06:49:42.289Z,
23,SRC-023,"Ministry of Industry, Science, Technology and Innovation",misti.gov.kh,1,wikipedia,empty,200,https://misti.gov.kh/,false,false,true,"ក្រសួងឧស្សាហកម្ម វិទ្យាសាស្រ្ត បច្ចេកវិទ្យា និងនវានុវត្តន៏ | Ministry of Industry, Science, Technology & Innovation",115,true,true,2000,2026-07-31T06:49:43.001Z,
24,SRC-024,Ministry of Planning,mop.gov.kh,1,directory,live,200,https://mop.gov.kh/kh/,true,false,true,MoP,1947,true,true,2000,2026-07-31T06:49:46.457Z,
25,SRC-025,"Ministry of Education, Youth and Sport",moeys.gov.kh,1,directory,empty,200,https://moeys.gov.kh/,false,false,true,Request Rejected,155,true,true,2000,2026-07-31T06:49:46.800Z,
26,SRC-026,"Ministry of Social Affairs, Veterans and Youth Rehabilitation",mosvy.gov.kh,1,directory,live,200,https://mosvy.gov.kh/,false,false,true,ក្រសួងសង្គមកិច្ច អតីតយុទ្ធជន និងយុវនីតិសម្បទា – Ministry of Social Affairs Veterans and Youth Rehabilitation,8055,false,true,2000,2026-07-31T06:49:47.143Z,
27,SRC-027,"Ministry of Land Management, Urban Planning and Construction",mlmupc.gov.kh,1,directory,live,200,https://mlmupc.gov.kh/,false,false,true,"ក្រសួងរៀបចំដែនដី នគរូបនីយកម្ម និងសំណង់ – Ministry of Land Management, Urban Planning and Construction",15623,true,true,2000,2026-07-31T06:49:48.153Z,
28,SRC-028,Ministry of Environment,moe.gov.kh,2,directory,live,200,https://moe.gov.kh/,false,false,true,ទំព័រដើម | ក្រសួងបរិស្ថាន,13301,true,true,2000,2026-07-31T06:49:50.912Z,
29,SRC-029,Ministry of Water Resources and Meteorology,mowram.gov.kh,2,directory,live,200,https://mowram.gov.kh/,false,false,true,HOME - MOWRAM,2922,false,true,2000,2026-07-31T06:49:52.235Z,
30,SRC-030,Ministry of Information,information.gov.kh,1,directory,live,200,https://information.gov.kh/,false,false,true,ក្រសួងព័ត៌មាន,201,true,true,2000,2026-07-31T06:49:52.452Z,
31,SRC-031,Ministry of Justice,moj.gov.kh,1,directory,empty,200,https://moj.gov.kh/,false,false,true,Request Rejected,155,true,true,2000,2026-07-31T06:49:56.329Z,
32,SRC-032,Ministry of Post and Telecommunications,mptc.gov.kh,1,directory,live,200,https://mptc.gov.kh/,false,false,true,ទំព័រដើម – ក្រសួងប្រៃសណីយ៍និងទូរគមនាគមន៍,4132,false,true,2000,2026-07-31T06:49:56.529Z,
33,SRC-033,Ministry of Health,moh.gov.kh,1,directory,live,200,https://moh.gov.kh/kh/home,true,false,true,ក្រសួងសុខាភិបាល​​,4677,true,true,2000,2026-07-31T06:49:59.605Z,
34,SRC-034,Ministry of Public Works and Transport,mpwt.gov.kh,1,directory,live,200,https://mpwt.gov.kh/kh/home,true,false,true,ស្វាគមន៍មកកាន់ក្រសួងសាធារណការនិងដឹកជញ្ជូន,8500,false,true,2000,2026-07-31T06:50:00.398Z,
35,SRC-035,Ministry of Culture and Fine Arts,mcfa.gov.kh,2,directory,live,200,https://mcfa.gov.kh/,false,false,true,Ministry of Culture and Fine Arts – The Kingdom of Cambodia,4665,true,true,2000,2026-07-31T06:50:00.425Z,
36,SRC-036,Ministry of Tourism,tourism.gov.kh,2,wikipedia,empty,200,https://tourism.gov.kh/,false,false,true,Ministry of Tourism,19,true,true,2000,2026-07-31T06:50:01.131Z,
37,SRC-037,Ministry of Labour and Vocational Training,mlvt.gov.kh,1,search,live,200,https://mlvt.gov.kh/,false,false,true,Ministry of Labour and Vocational Training,4669,true,true,2000,2026-07-31T06:50:04.524Z,
38,SRC-038,Ministry of Civil Service,mcs.gov.kh,2,directory,dead,0,https://mcs.gov.kh,false,false,true,,0,false,true,2000,2026-07-31T06:50:05.343Z,fetch failed
39,SRC-039,Ministry of Cults and Religion,mcr.gov.kh,3,unconfirmed,dead,0,https://mcr.gov.kh,false,false,true,,0,false,true,2000,2026-07-31T06:50:05.513Z,fetch failed
40,SRC-040,Ministry of Women's Affairs,mowa.gov.kh,2,unconfirmed,live,200,https://mowa.gov.kh/,false,false,true,ក្រសួងកិច្ចការនារី – ដើម្បីសមភាពយេនឌ័រនិងការបង្កើនភាពអង់អាចដល់ស្ត្រី,2755,true,true,2000,2026-07-31T06:50:08.955Z,
41,SRC-041,"Ministry of Relations with the National Assembly, Senate and Inspection",mnasri.gov.kh,3,unconfirmed,dead,0,https://mnasri.gov.kh,false,false,true,,0,false,true,2000,2026-07-31T06:50:13.545Z,fetch failed
42,SRC-042,General Department of Taxation,tax.gov.kh,1,directory,live,200,https://www.tax.gov.kh/,true,false,true,GDT Cambodia | អគ្គនាយកដ្ឋានពន្ធដារ,11560,true,true,2000,2026-07-31T06:50:27.765Z,
43,SRC-043,General Department of Customs and Excise,customs.gov.kh,1,directory,live,200,https://customs.gov.kh/,false,false,true,អគ្គនាយកដ្ឋានគយនិងរដ្ឋាករកម្ពុជា,1654,false,true,2000,2026-07-31T06:50:27.986Z,
44,SRC-044,General Department of National Treasury,treasury.gov.kh,2,directory,live,200,https://www.treasury.gov.kh/,true,false,true,GDNT - Home,3040,true,true,2000,2026-07-31T06:50:29.144Z,
45,SRC-045,General Department of Public Procurement,gdpp.gov.kh,2,unconfirmed,dead,403,https://gdpp.gov.kh/,false,false,true,,0,true,true,2000,2026-07-31T06:50:32.033Z,
46,SRC-046,"Consumer Protection, Competition and Fraud Repression Directorate-General",ccfdg.gov.kh,2,directory,live,200,https://www.ccfdg.gov.kh/,true,false,true,Homepage - CCF,5166,false,true,2000,2026-07-31T06:50:32.328Z,
47,SRC-047,General Directorate of Trade Promotion,gdtp.gov.kh,3,directory,dead,522,https://gdtp.gov.kh/,false,false,true,,0,false,true,2000,2026-07-31T06:50:34.630Z,
48,SRC-048,Department of Legal Affairs - Secured Transaction Filing Office,setfo.gov.kh,3,directory,dead,0,https://setfo.gov.kh,false,false,true,,0,false,true,2000,2026-07-31T06:50:36.003Z,fetch failed
49,SRC-049,Department of Intellectual Property Rights,www.cambodiaip.gov.kh,2,search,live,200,https://www.cambodiaip.gov.kh/,false,false,true,Home - Cambodia IP,3596,true,true,2000,2026-07-31T06:50:36.094Z,
51,SRC-051,Department of Intellectual Property Rights (legacy portal),dip.cambodiaip.gov.kh,3,search,dead,500,https://dip.cambodiaip.gov.kh/,false,false,true,,0,false,true,2000,2026-07-31T06:50:41.731Z,
52,SRC-052,General Department of Immigration,immigration.gov.kh,1,unconfirmed,live,200,https://immigration.gov.kh/,false,false,true,អគ្គនាយកដ្ឋានអន្តោប្រវេសន៍,854,true,true,2000,2026-07-31T06:51:08.817Z,
53,SRC-053,General Department of Identification,gdi.gov.kh,1,unconfirmed,dead,0,https://gdi.gov.kh,false,false,true,,0,false,true,2000,2026-07-31T06:51:12.943Z,fetch failed
54,SRC-054,Cambodian National Police,police.gov.kh,1,unconfirmed,dead,468,https://police.gov.kh/,false,false,true,,0,false,true,2000,2026-07-31T06:51:21.301Z,
55,SRC-055,Council for the Development of Cambodia,cdc.gov.kh,1,directory,live,200,https://cdc.gov.kh/,false,false,true,The Council for the Development of Cambodia (CDC),4439,true,true,2000,2026-07-31T06:51:25.354Z,
56,SRC-056,Cambodia Investment Board Portal,cambodiainvestment.gov.kh,2,directory,dead,0,https://cambodiainvestment.gov.kh,false,false,true,,0,false,true,2000,2026-07-31T06:51:29.865Z,fetch failed
57,SRC-057,Supreme National Economic Council,snec.gov.kh,2,unconfirmed,dead,0,https://snec.gov.kh,false,false,true,,0,false,true,2000,2026-07-31T06:51:29.996Z,fetch failed
58,SRC-058,National Bank of Cambodia,nbc.gov.kh,1,directory,blocked,0,,false,false,true,,0,false,false,2000,2026-07-31T06:51:33.666Z,
59,SRC-059,Securities and Exchange Regulator of Cambodia,secc.gov.kh,2,unconfirmed,dead,0,https://secc.gov.kh,false,false,true,,0,false,true,2000,2026-07-31T06:51:35.729Z,fetch failed
60,SRC-060,Insurance Regulator of Cambodia,irc.gov.kh,3,unconfirmed,live,200,https://irc.gov.kh/en,true,false,true,និយ័តករធានារ៉ាប់រងកម្ពុជា - Insurance Regulator of Cambodia,1332,true,true,2000,2026-07-31T06:51:38.623Z,
61,SRC-061,Telecommunication Regulator of Cambodia,trc.gov.kh,2,unconfirmed,dead,403,https://www.trc.gov.kh/,true,false,true,,0,true,true,2000,2026-07-31T06:51:47.809Z,
62,SRC-062,Electricity Authority of Cambodia,eac.gov.kh,2,directory,blocked,0,,false,false,true,,0,true,false,2000,2026-07-31T06:51:55.347Z,
63,SRC-063,National Social Security Fund,nssf.gov.kh,1,unconfirmed,live,200,https://www.nssf.gov.kh/,true,false,true,បេឡាជាតិសន្តិសុខសង្គម -បេឡាជាតិសន្តិសុខសង្គម,13086,true,true,2000,2026-07-31T06:51:55.752Z,
64,SRC-064,National Committee for Sub-National Democratic Development,ncdd.gov.kh,1,search,live,200,https://ncdd.gov.kh/,false,false,true,គ.ជ.អ.ប.,31420,false,true,2000,2026-07-31T06:51:57.405Z,
65,SRC-065,Digital Economy and Business Committee,digitaleconomy.gov.kh,1,search,live,200,https://digitaleconomy.gov.kh/km,true,false,true,គណៈកម្មាធិការសេដ្ឋកិច្ច និងធុរកិច្ចឌីជីថល - គ.ស.ធ.ឌ.,3295,true,true,2000,2026-07-31T06:52:00.927Z,
66,SRC-066,Digital Government Committee,dgc.gov.kh,1,unconfirmed,live,200,https://dgc.gov.kh/,false,false,true,ទំព័រដើម,4452,false,true,2000,2026-07-31T06:52:01.673Z,
67,SRC-067,National Institute of Statistics,nis.gov.kh,1,directory,live,200,https://nis.gov.kh/,false,false,true,វិទ្យាស្ថានជាតិស្ថិតិ ( NIS ) – វិទ្យាស្ថានជាតិស្ថិតិ ( NIS ),2292,true,true,2000,2026-07-31T06:52:01.909Z,
68,SRC-068,Royal Academy of Cambodia,rac.gov.kh,2,unconfirmed,live,200,https://rac.gov.kh/,false,false,true,រាជបណ្ឌិត្យសភាកម្ពុជា,8567,true,true,2000,2026-07-31T06:52:03.486Z,
69,SRC-069,APSARA National Authority,apsaraauthority.gov.kh,2,directory,live,200,https://apsaraauthority.gov.kh/,false,false,true,Home - APSARA National Authority,8265,true,true,2000,2026-07-31T06:52:05.756Z,
70,SRC-070,National Authority for Preah Vihear,napv.gov.kh,3,directory,live,200,https://napv.gov.kh/,false,false,true,Home - National Authority For Preahvihear,4112,false,true,2000,2026-07-31T06:52:06.554Z,
71,SRC-071,Cambodian Mine Action and Victim Assistance Authority,cmaa.gov.kh,2,directory,live,200,https://cmaa.gov.kh/,false,false,true,ទំព័រដើម | អាជ្ញាធរមីន,3593,true,true,2000,2026-07-31T06:52:06.990Z,
72,SRC-072,National Authority for Combating Drugs,nacd.gov.kh,3,directory,live,200,https://nacd.gov.kh/,false,false,true,National Authority for Combating Drug,2473,true,true,2000,2026-07-31T06:52:07.681Z,
73,SRC-073,State Secretariat of Civil Aviation,ssca.gov.kh,2,unconfirmed,dead,0,https://ssca.gov.kh,false,false,true,,0,false,true,2000,2026-07-31T06:52:11.497Z,fetch failed
74,SRC-074,Sihanoukville Autonomous Port,pas.gov.kh,3,unconfirmed,live,200,https://pas.gov.kh/,false,false,true,ទំព័រដើម | កំពង់​ផែ​ស្វយ័ត​ក្រុងព្រះសីហនុ,6439,true,true,2000,2026-07-31T06:52:12.731Z,
75,SRC-075,Agence Kampuchea Presse,akp.gov.kh,1,search,live,200,https://akp.gov.kh/,false,false,true,Agence Kampuchea Presse - AKP,6987,true,true,2000,2026-07-31T06:52:12.773Z,
76,SRC-076,Cambodia Data Exchange,camdx.gov.kh,1,search,live,200,https://camdx.gov.kh/,false,false,true,CamDX - Cambodia Data Exchange,8985,true,true,2000,2026-07-31T06:52:13.149Z,
77,SRC-077,CamDigiKey,camdigikey.gov.kh,1,search,empty,200,https://camdigikey.gov.kh/,false,false,true,CamDigiKey,21,true,true,2000,2026-07-31T06:52:14.008Z,
78,SRC-078,Online Business Registration / Registration Services,registrationservices.gov.kh,1,search,live,200,https://registrationservices.gov.kh/,false,false,true,Registration Services – Online Business Registration,14478,true,true,2000,2026-07-31T06:52:16.994Z,
79,SRC-079,Business Information Portal,business.gov.kh,2,search,live,200,https://business.gov.kh/,false,false,true,Cambodia Business Portal,1479,true,true,2000,2026-07-31T06:52:17.800Z,
80,SRC-080,Cambodia e-Visa,evisa.gov.kh,2,search,dead,0,https://evisa.gov.kh,false,false,true,,0,false,true,2000,2026-07-31T06:52:18.835Z,fetch failed
81,SRC-081,Criminal Record Requesting System,cr.moj.gov.kh,2,search,empty,200,https://cr.moj.gov.kh/,false,false,true,ប្រព័ន្ធព្រឹត្តិបត្រថ្កោលទោសឌីជីថល - ក្រសួងយុត្តិធម៌,52,true,true,2000,2026-07-31T06:52:18.961Z,
82,SRC-082,GDT e-Tax Portal (Online Web Portal),owp.tax.gov.kh,2,directory,empty,200,https://owp.tax.gov.kh/,false,false,true,Request Rejected,138,true,true,2000,2026-07-31T06:52:21.276Z,
84,SRC-084,Cambodia National Single Window,cnsw.gov.kh,3,unconfirmed,dead,0,https://cnsw.gov.kh,false,false,true,,0,false,true,2000,2026-07-31T06:52:22.032Z,fetch failed
85,SRC-085,Cambodia Open Data Portal,data.gov.kh,1,unconfirmed,dead,0,https://data.gov.kh,false,false,true,,0,false,true,2000,2026-07-31T06:52:23.115Z,fetch failed
86,SRC-086,Government Service Portal,go.gov.kh,1,search,empty,200,https://go.gov.kh/,false,false,true,go.gov.kh,9,true,true,2000,2026-07-31T06:52:25.547Z,
87,SRC-087,Sarika,sarika.gov.kh,2,unconfirmed,blocked,0,,false,false,true,,0,true,false,2000,2026-07-31T06:52:29.876Z,
88,SRC-088,Verify,verify.gov.kh,2,unconfirmed,blocked,0,,false,false,true,,0,false,false,2000,2026-07-31T06:52:31.906Z,
89,SRC-089,Phnom Penh Capital Administration,phnompenh.gov.kh,2,directory,empty,200,https://phnompenh.gov.kh/,false,false,true,Request Rejected,155,true,true,2000,2026-07-31T06:52:34.112Z,
90,SRC-090,Banteay Meanchey Provincial Administration,banteaymeanchey.gov.kh,2,unconfirmed,live,200,https://www.banteaymeanchey.gov.kh/,true,false,true,Banteaymeanchey Home Page KM - រដ្ឋបាលខេត្តបន្ទាយមានជ័យ,4113,true,true,2000,2026-07-31T06:52:36.181Z,
91,SRC-091,Battambang Provincial Administration,battambang.gov.kh,2,wikipedia,empty,200,https://battambang.gov.kh/,false,false,true,Request Rejected,154,true,true,2000,2026-07-31T06:52:38.309Z,
92,SRC-092,Kampong Cham Provincial Administration,kampongcham.gov.kh,2,unconfirmed,live,200,https://kampongcham.gov.kh/,false,false,true,Home 1 - Kampong Cham Website,3200,false,true,2000,2026-07-31T06:52:42.405Z,
93,SRC-093,Kampong Chhnang Provincial Administration,kampongchhnang.gov.kh,2,unconfirmed,live,200,https://kampongchhnang.gov.kh/,false,false,true,Kampongchhnang Home Page (KM) - រដ្ឋបាលខេត្តកំពង់ឆ្នាំង,6299,true,true,2000,2026-07-31T06:52:42.912Z,
94,SRC-094,Kampong Speu Provincial Administration,kampongspeu.gov.kh,2,unconfirmed,empty,200,https://kampongspeu.gov.kh/,false,false,true,Request Rejected,154,true,true,2000,2026-07-31T06:52:44.485Z,
95,SRC-095,Kampong Thom Provincial Administration,kampongthom.gov.kh,2,wikipedia,empty,200,https://kampongthom.gov.kh/,false,false,true,Request Rejected,155,true,true,2000,2026-07-31T06:52:45.530Z,
96,SRC-096,Kampot Provincial Administration,kampot.gov.kh,2,wikipedia,live,200,https://kampot.gov.kh/,false,false,true,Kampot Home Page KM - រដ្ឋបាលខេត្តកំពត,4904,true,true,2000,2026-07-31T06:52:45.558Z,
97,SRC-097,Kandal Provincial Administration,kandal.gov.kh,2,unconfirmed,live,200,https://kandal.gov.kh/,false,false,true,Home Page រដ្ឋបាលខេត្តកណ្តាល - រដ្ឋបាលខេត្តកណ្តាល,4924,true,true,2000,2026-07-31T06:52:46.592Z,
98,SRC-098,Koh Kong Provincial Administration,kohkong.gov.kh,2,wikipedia,live,200,https://kohkong.gov.kh/,false,false,true,Koh Kong Province — រដ្ឋបាលខេត្តកោះកុង,6613,false,true,2000,2026-07-31T06:52:48.595Z,
99,SRC-099,Kratie Provincial Administration,kratie.gov.kh,2,wikipedia,empty,200,https://kratie.gov.kh/,false,false,true,Request Rejected,154,true,true,2000,2026-07-31T06:52:49.585Z,
100,SRC-100,Mondulkiri Provincial Administration,mondulkiri.gov.kh,2,unconfirmed,empty,200,https://mondulkiri.gov.kh/,false,false,true,Request Rejected,154,true,true,2000,2026-07-31T06:52:49.629Z,
101,SRC-101,Preah Vihear Provincial Administration,preahvihear.gov.kh,2,unconfirmed,empty,200,https://preahvihear.gov.kh/,false,false,true,Request Rejected,154,true,true,2000,2026-07-31T06:52:52.415Z,
102,SRC-102,Prey Veng Provincial Administration,preyveng.gov.kh,2,unconfirmed,empty,200,https://preyveng.gov.kh/,false,false,true,Request Rejected,154,true,true,2000,2026-07-31T06:52:53.589Z,
103,SRC-103,Pursat Provincial Administration,pursat.gov.kh,2,unconfirmed,empty,200,https://pursat.gov.kh/,false,false,true,Request Rejected,154,true,true,2000,2026-07-31T06:52:53.673Z,
104,SRC-104,Ratanakiri Provincial Administration,ratanakiri.gov.kh,2,unconfirmed,empty,200,https://ratanakiri.gov.kh/,false,false,true,Request Rejected,155,true,true,2000,2026-07-31T06:52:53.734Z,
105,SRC-105,Siem Reap Provincial Administration,siemreap.gov.kh,2,unconfirmed,empty,200,https://siemreap.gov.kh/,false,false,true,Request Rejected,154,true,true,2000,2026-07-31T06:52:53.744Z,
106,SRC-106,Preah Sihanouk Provincial Administration,sihanoukville.gov.kh,2,wikipedia,empty,200,https://sihanoukville.gov.kh/,false,false,true,Request Rejected,154,true,true,2000,2026-07-31T06:52:56.622Z,
107,SRC-107,Stung Treng Provincial Administration,stungtreng.gov.kh,2,unconfirmed,empty,200,https://stungtreng.gov.kh/,false,false,true,Request Rejected,155,true,true,2000,2026-07-31T06:52:57.737Z,
108,SRC-108,Svay Rieng Provincial Administration,svayrieng.gov.kh,2,unconfirmed,empty,200,https://svayrieng.gov.kh/,false,false,true,Request Rejected,155,true,true,2000,2026-07-31T06:52:57.797Z,
109,SRC-109,Takeo Provincial Administration,takeo.gov.kh,2,unconfirmed,empty,200,https://takeo.gov.kh/,false,false,true,Request Rejected,155,true,true,2000,2026-07-31T06:52:57.839Z,
110,SRC-110,Oddar Meanchey Provincial Administration,oddarmeanchey.gov.kh,2,unconfirmed,empty,200,https://oddarmeanchey.gov.kh/,false,false,true,Request Rejected,154,true,true,2000,2026-07-31T06:52:57.852Z,
111,SRC-111,Kep Provincial Administration,kep.gov.kh,2,unconfirmed,empty,200,https://kep.gov.kh/,false,false,true,Request Rejected,154,true,true,2000,2026-07-31T06:53:00.715Z,
112,SRC-112,Pailin Provincial Administration,pailin.gov.kh,2,unconfirmed,live,200,https://pailin.gov.kh/,false,false,true,Pailin Home Page (KM) - រដ្ឋបាលខេត្តប៉ៃលិន,4983,true,true,2000,2026-07-31T06:53:01.847Z,
113,SRC-113,Tboung Khmum Provincial Administration,tboungkhmum.gov.kh,2,wikipedia,live,200,https://www.tboungkhmum.gov.kh/,true,false,true,Tboungkhmum Home Page KM - រដ្ឋបាលខេត្តត្បូងឃ្មុំ,5281,true,true,2000,2026-07-31T06:53:01.923Z,
114,SRC-114,Royal University of Phnom Penh,rupp.edu.kh,3,search,live,200,https://rupp.edu.kh/,false,false,true,RUPP,16474,true,true,2000,2026-07-31T06:53:01.944Z,
115,SRC-115,Institute of Technology of Cambodia,itc.edu.kh,3,search,live,200,https://itc.edu.kh/,false,false,true,INSTITUTE OF TECHNOLOGY OF CAMBODIA – សាលាតិចណូ,9752,true,true,2000,2026-07-31T06:53:01.963Z,
116,SRC-116,National University of Management,num.edu.kh,3,search,redirect,200,https://numuniversity.com/,true,true,true,NUM – National University of Management,8860,false,true,2000,2026-07-31T06:53:04.831Z,
117,SRC-117,Royal University of Agriculture,rua.edu.kh,3,wikipedia,live,200,https://rua.edu.kh/,false,false,true,Royal University of Agriculture,13265,true,true,2000,2026-07-31T06:53:06.288Z,
118,SRC-118,Royal University of Law and Economics,rule.edu.kh,3,search,empty,200,https://rule.edu.kh/,false,false,true,Coming Soon | RULE,143,false,true,2000,2026-07-31T06:53:07.255Z,
119,SRC-119,University of Health Sciences,uhs.edu.kh,3,search,live,200,https://uhs.edu.kh/,false,false,true,UHS WEBSITE,6632,true,true,10000,2026-07-31T06:53:10.772Z,
120,SRC-120,Svay Rieng University,sru.edu.kh,3,search,blocked,0,,false,false,true,,0,false,false,2000,2026-07-31T06:53:10.834Z,
121,SRC-121,"National Institute of Posts, Telecoms and ICT",niptict.edu.kh,3,search,dead,0,https://niptict.edu.kh,false,false,true,,0,false,true,2000,2026-07-31T06:53:11.558Z,fetch failed
122,SRC-122,Cambodia Academy of Digital Technology,cadt.edu.kh,3,unconfirmed,live,200,https://cadt.edu.kh/,false,false,true,CADT - Cambodia Academy of Digital Technology,6497,true,true,2000,2026-07-31T06:53:12.870Z,
123,SRC-123,National University of Battambang,nubb.edu.kh,3,unconfirmed,blocked,0,,false,false,true,,0,false,false,2000,2026-07-31T06:53:12.902Z,
124,SRC-124,National Technical Training Institute,ntti.edu.kh,3,unconfirmed,live,200,https://ntti.edu.kh/,false,false,true,National Technical Training Institute,8665,false,true,2000,2026-07-31T06:53:15.090Z,
125,SRC-125,Calmette Hospital,calmette.gov.kh,3,unconfirmed,live,200,https://www.calmette.gov.kh/,true,false,true,Calmette Hospital | University Hospital in Cambodia,7704,true,true,2000,2026-07-31T06:53:15.409Z,
126,SRC-126,Khmer-Soviet Friendship Hospital,kshospital.gov.kh,3,unconfirmed,dead,0,https://kshospital.gov.kh,false,false,true,,0,false,true,2000,2026-07-31T06:53:18.937Z,fetch failed
127,SRC-127,National Pediatric Hospital,nph.gov.kh,3,unconfirmed,dead,0,https://nph.gov.kh,false,false,true,,0,false,true,2000,2026-07-31T06:53:19.460Z,fetch failed
128,SRC-128,Preah Kossamak Hospital,kossamak.gov.kh,3,unconfirmed,dead,0,https://kossamak.gov.kh,false,false,true,,0,false,true,2000,2026-07-31T06:53:21.568Z,fetch failed
129,SRC-129,National Maternal and Child Health Center,nmchc.gov.kh,3,unconfirmed,live,200,https://nmchc.gov.kh/,false,false,true,ទំព័រដើម - មជ្ឈមណ្ឌលជាតិគាំពារមាតា និងទារក,3386,true,true,2000,2026-07-31T06:53:23.865Z,
130,SRC-130,National Institute of Public Health,niph.gov.kh,3,unconfirmed,dead,0,https://niph.gov.kh,false,false,true,,0,false,true,2000,2026-07-31T06:53:28.494Z,fetch failed
